flight_date,flight_status,departure,arrival,airline,flight,aircraft,live
2023-11-29,active,"{'airport': 'Auckland International', 'timezone': 'Pacific/Auckland', 'iata': 'AKL', 'icao': 'NZAA', 'terminal': 'I', 'gate': '10', 'delay': 9, 'scheduled': '2023-11-29T01:20:00+00:00', 'estimated': '2023-11-29T01:20:00+00:00', 'actual': '2023-11-29T01:29:00+00:00', 'estimated_runway': '2023-11-29T01:29:00+00:00', 'actual_runway': '2023-11-29T01:29:00+00:00'}","{'airport': 'Singapore Changi', 'timezone': 'Asia/Singapore', 'iata': 'SIN', 'icao': 'WSSS', 'terminal': '1', 'gate': None, 'baggage': None, 'delay': 17, 'scheduled': '2023-11-29T06:45:00+00:00', 'estimated': '2023-11-29T06:45:00+00:00', 'actual': None, 'estimated_runway': None, 'actual_runway': None}","{'name': 'Lufthansa', 'iata': 'LH', 'icao': 'DLH'}","{'number': '9753', 'iata': 'LH9753', 'icao': 'DLH9753', 'codeshared': {'airline_name': 'singapore airlines', 'airline_iata': 'sq', 'airline_icao': 'sia', 'flight_number': '282', 'flight_iata': 'sq282', 'flight_icao': 'sia282'}}",,
2023-11-29,active,"{'airport': 'Auckland International', 'timezone': 'Pacific/Auckland', 'iata': 'AKL', 'icao': 'NZAA', 'terminal': 'I', 'gate': '10', 'delay': 9, 'scheduled': '2023-11-29T01:20:00+00:00', 'estimated': '2023-11-29T01:20:00+00:00', 'actual': '2023-11-29T01:29:00+00:00', 'estimated_runway': '2023-11-29T01:29:00+00:00', 'actual_runway': '2023-11-29T01:29:00+00:00'}","{'airport': 'Singapore Changi', 'timezone': 'Asia/Singapore', 'iata': 'SIN', 'icao': 'WSSS', 'terminal': '1', 'gate': None, 'baggage': None, 'delay': 17, 'scheduled': '2023-11-29T06:45:00+00:00', 'estimated': '2023-11-29T06:45:00+00:00', 'actual': None, 'estimated_runway': None, 'actual_runway': None}","{'name': 'SWISS', 'iata': 'LX', 'icao': 'SWR'}","{'number': '9003', 'iata': 'LX9003', 'icao': 'SWR9003', 'codeshared': {'airline_name': 'singapore airlines', 'airline_iata': 'sq', 'airline_icao': 'sia', 'flight_number': '282', 'flight_iata': 'sq282', 'flight_icao': 'sia282'}}",,
2023-11-29,active,"{'airport': 'Auckland International', 'timezone': 'Pacific/Auckland', 'iata': 'AKL', 'icao': 'NZAA', 'terminal': 'I', 'gate': '10', 'delay': 9, 'scheduled': '2023-11-29T01:20:00+00:00', 'estimated': '2023-11-29T01:20:00+00:00', 'actual': '2023-11-29T01:29:00+00:00', 'estimated_runway': '2023-11-29T01:29:00+00:00', 'actual_runway': '2023-11-29T01:29:00+00:00'}","{'airport': 'Singapore Changi', 'timezone': 'Asia/Singapore', 'iata': 'SIN', 'icao': 'WSSS', 'terminal': '1', 'gate': None, 'baggage': None, 'delay': 17, 'scheduled': '2023-11-29T06:45:00+00:00', 'estimated': '2023-11-29T06:45:00+00:00', 'actual': None, 'estimated_runway': None, 'actual_runway': None}","{'name': 'Air New Zealand', 'iata': 'NZ', 'icao': 'ANZ'}","{'number': '3282', 'iata': 'NZ3282', 'icao': 'ANZ3282', 'codeshared': {'airline_name': 'singapore airlines', 'airline_iata': 'sq', 'airline_icao': 'sia', 'flight_number': '282', 'flight_iata': 'sq282', 'flight_icao': 'sia282'}}",,
2023-11-29,active,"{'airport': 'Auckland International', 'timezone': 'Pacific/Auckland', 'iata': 'AKL', 'icao': 'NZAA', 'terminal': 'I', 'gate': '10', 'delay': 9, 'scheduled': '2023-11-29T01:20:00+00:00', 'estimated': '2023-11-29T01:20:00+00:00', 'actual': '2023-11-29T01:29:00+00:00', 'estimated_runway': '2023-11-29T01:29:00+00:00', 'actual_runway': '2023-11-29T01:29:00+00:00'}","{'airport': 'Singapore Changi', 'timezone': 'Asia/Singapore', 'iata': 'SIN', 'icao': 'WSSS', 'terminal': '1', 'gate': None, 'baggage': None, 'delay': 17, 'scheduled': '2023-11-29T06:45:00+00:00', 'estimated': '2023-11-29T06:45:00+00:00', 'actual': None, 'estimated_runway': None, 'actual_runway': None}","{'name': 'Vistara', 'iata': 'UK', 'icao': 'VTI'}","{'number': '8282', 'iata': 'UK8282', 'icao': 'VTI8282', 'codeshared': {'airline_name': 'singapore airlines', 'airline_iata': 'sq', 'airline_icao': 'sia', 'flight_number': '282', 'flight_iata': 'sq282', 'flight_icao': 'sia282'}}",,
2023-11-29,active,"{'airport': 'Auckland International', 'timezone': 'Pacific/Auckland', 'iata': 'AKL', 'icao': 'NZAA', 'terminal': 'I', 'gate': '10', 'delay': 9, 'scheduled': '2023-11-29T01:20:00+00:00', 'estimated': '2023-11-29T01:20:00+00:00', 'actual': '2023-11-29T01:29:00+00:00', 'estimated_runway': '2023-11-29T01:29:00+00:00', 'actual_runway': '2023-11-29T01:29:00+00:00'}","{'airport': 'Singapore Changi', 'timezone': 'Asia/Singapore', 'iata': 'SIN', 'icao': 'WSSS', 'terminal': '1', 'gate': None, 'baggage': None, 'delay': 17, 'scheduled': '2023-11-29T06:45:00+00:00', 'estimated': '2023-11-29T06:45:00+00:00', 'actual': None, 'estimated_runway': None, 'actual_runway': None}","{'name': 'Singapore Airlines', 'iata': 'SQ', 'icao': 'SIA'}","{'number': '282', 'iata': 'SQ282', 'icao': 'SIA282', 'codeshared': None}","{'registration': '9V-SMI', 'iata': 'A359', 'icao': 'A359', 'icao24': '76CDA9'}","{'updated': '2023-11-28T19:10:28+00:00', 'latitude': -12.6588, 'longitude': 129.949, 'altitude': 12192, 'direction': 308, 'speed_horizontal': 872.292, 'speed_vertical': 0, 'is_ground': False}"
2023-11-29,active,"{'airport': 'Soekarno-Hatta International', 'timezone': 'Asia/Jakarta', 'iata': 'CGK', 'icao': 'WIII', 'terminal': '3', 'gate': '16', 'delay': 8, 'scheduled': '2023-11-29T01:10:00+00:00', 'estimated': '2023-11-29T01:10:00+00:00', 'actual': '2023-11-29T01:18:00+00:00', 'estimated_runway': '2023-11-29T01:18:00+00:00', 'actual_runway': '2023-11-29T01:18:00+00:00'}","{'airport': 'Hasanudin', 'timezone': 'Asia/Makassar', 'iata': 'UPG', 'icao': 'WAAA', 'terminal': 'D', 'gate': None, 'baggage': '2', 'delay': None, 'scheduled': '2023-11-29T04:35:00+00:00', 'estimated': '2023-11-29T04:35:00+00:00', 'actual': None, 'estimated_runway': None, 'actual_runway': None}","{'name': 'Citilink', 'iata': 'QG', 'icao': 'CTV'}","{'number': '346', 'iata': 'QG346', 'icao': 'CTV346', 'codeshared': None}",,
2023-11-29,active,"{'airport': 'Omsk', 'timezone': 'Asia/Omsk', 'iata': 'OMS', 'icao': 'UNOO', 'terminal': None, 'gate': None, 'delay': None, 'scheduled': '2023-11-29T00:40:00+00:00', 'estimated': '2023-11-29T00:40:00+00:00', 'actual': '2023-11-29T00:29:00+00:00', 'estimated_runway': '2023-11-29T00:29:00+00:00', 'actual_runway': '2023-11-29T00:29:00+00:00'}","{'airport': 'Nursultan Nazarbayev International Airport', 'timezone': None, 'iata': 'NQZ', 'icao': 'UACC', 'terminal': '1', 'gate': None, 'baggage': None, 'delay': 4, 'scheduled': '2023-11-29T01:30:00+00:00', 'estimated': '2023-11-29T01:30:00+00:00', 'actual': None, 'estimated_runway': None, 'actual_runway': None}","{'name': 'Qazaq Air', 'iata': 'IQ', 'icao': 'QAZ'}","{'number': '5015', 'iata': 'IQ5015', 'icao': 'QAZ5015', 'codeshared': None}",,
2023-11-29,active,"{'airport': 'Haneda Airport', 'timezone': 'Asia/Tokyo', 'iata': 'HND', 'icao': 'RJTT', 'terminal': '3', 'gate': '146', 'delay': 7, 'scheduled': '2023-11-29T02:15:00+00:00', 'estimated': '2023-11-29T02:15:00+00:00', 'actual': '2023-11-29T02:22:00+00:00', 'estimated_runway': '2023-11-29T02:22:00+00:00', 'actual_runway': '2023-11-29T02:22:00+00:00'}","{'airport': 'Shanghai Pudong International', 'timezone': 'Asia/Shanghai', 'iata': 'PVG', 'icao': 'ZSPD', 'terminal': '2', 'gate': None, 'baggage': '25', 'delay': None, 'scheduled': '2023-11-29T04:45:00+00:00', 'estimated': '2023-11-29T04:45:00+00:00', 'actual': None, 'estimated_runway': None, 'actual_runway': None}","{'name': 'Juneyao Airlines', 'iata': 'HO', 'icao': 'DKH'}","{'number': '1386', 'iata': 'HO1386', 'icao': 'DKH1386', 'codeshared': None}",,
2023-11-29,active,"{'airport': 'Singapore Changi', 'timezone': 'Asia/Singapore', 'iata': 'SIN', 'icao': 'WSSS', 'terminal': '3', 'gate': 'B8', 'delay': 19, 'scheduled': '2023-11-29T02:00:00+00:00', 'estimated': '2023-11-29T02:00:00+00:00', 'actual': '2023-11-29T02:18:00+00:00', 'estimated_runway': '2023-11-29T02:18:00+00:00', 'actual_runway': '2023-11-29T02:18:00+00:00'}","{'airport': 'Taiwan Taoyuan International (Chiang Kai Shek International)', 'timezone': 'Asia/Taipei', 'iata': 'TPE', 'icao': 'RCTP', 'terminal': '1', 'gate': 'A6', 'baggage': '3B', 'delay': None, 'scheduled': '2023-11-29T06:40:00+00:00', 'estimated': '2023-11-29T06:40:00+00:00', 'actual': None, 'estimated_runway': None, 'actual_runway': None}","{'name': 'Garuda Indonesia', 'iata': 'GA', 'icao': 'GIA'}","{'number': '9995', 'iata': 'GA9995', 'icao': 'GIA9995', 'codeshared': {'airline_name': 'china airlines', 'airline_iata': 'ci', 'airline_icao': 'cal', 'flight_number': '756', 'flight_iata': 'ci756', 'flight_icao': 'cal756'}}",,
2023-11-29,active,"{'airport': 'Sydney Bankstown', 'timezone': 'Australia/Sydney', 'iata': 'BWU', 'icao': 'YSBK', 'terminal': None, 'gate': None, 'delay': None, 'scheduled': '2023-11-29T06:00:00+00:00', 'estimated': '2023-11-29T06:00:00+00:00', 'actual': '2023-11-29T05:48:00+00:00', 'estimated_runway': '2023-11-29T05:48:00+00:00', 'actual_runway': '2023-11-29T05:48:00+00:00'}","{'airport': 'Essendon', 'timezone': 'Australia/Melbourne', 'iata': 'MEB', 'icao': 'YMEN', 'terminal': None, 'gate': None, 'baggage': None, 'delay': None, 'scheduled': '2023-11-29T07:13:00+00:00', 'estimated': '2023-11-29T07:13:00+00:00', 'actual': None, 'estimated_runway': None, 'actual_runway': None}","{'name': 'Mandarin Airlines', 'iata': 'AE', 'icao': 'MDA'}","{'number': '212', 'iata': 'AE212', 'icao': 'MDA212', 'codeshared': None}",,
2023-11-29,active,"{'airport': 'Tontouta', 'timezone': 'Pacific/Noumea', 'iata': 'NOU', 'icao': 'NWWW', 'terminal': None, 'gate': None, 'delay': 2, 'scheduled': '2023-11-29T01:05:00+00:00', 'estimated': '2023-11-29T01:05:00+00:00', 'actual': '2023-11-29T01:06:00+00:00', 'estimated_runway': '2023-11-29T01:06:00+00:00', 'actual_runway': '2023-11-29T01:06:00+00:00'}","{'airport': 'Narita International Airport', 'timezone': 'Asia/Tokyo', 'iata': 'NRT', 'icao': 'RJAA', 'terminal': '1', 'gate': None, 'baggage': None, 'delay': None, 'scheduled': '2023-11-29T07:55:00+00:00', 'estimated': '2023-11-29T07:55:00+00:00', 'actual': None, 'estimated_runway': None, 'actual_runway': None}","{'name': 'Aircalin', 'iata': 'SB', 'icao': 'ACI'}","{'number': '800', 'iata': 'SB800', 'icao': 'ACI800', 'codeshared': None}",,
2023-11-29,active,"{'airport': 'Tontouta', 'timezone': 'Pacific/Noumea', 'iata': 'NOU', 'icao': 'NWWW', 'terminal': None, 'gate': None, 'delay': 2, 'scheduled': '2023-11-29T01:05:00+00:00', 'estimated': '2023-11-29T01:05:00+00:00', 'actual': '2023-11-29T01:06:00+00:00', 'estimated_runway': '2023-11-29T01:06:00+00:00', 'actual_runway': '2023-11-29T01:06:00+00:00'}","{'airport': 'Narita International Airport', 'timezone': 'Asia/Tokyo', 'iata': 'NRT', 'icao': 'RJAA', 'terminal': '1', 'gate': None, 'baggage': None, 'delay': None, 'scheduled': '2023-11-29T07:55:00+00:00', 'estimated': '2023-11-29T07:55:00+00:00', 'actual': None, 'estimated_runway': None, 'actual_runway': None}","{'name': 'Jet Linx Aviation', 'iata': 'JL', 'icao': 'JTL'}","{'number': '5370', 'iata': 'JL5370', 'icao': 'JTL5370', 'codeshared': {'airline_name': 'aircalin', 'airline_iata': 'sb', 'airline_icao': 'aci', 'flight_number': '800', 'flight_iata': 'sb800', 'flight_icao': 'aci800'}}",,
2023-11-29,active,"{'airport': 'Tontouta', 'timezone': 'Pacific/Noumea', 'iata': 'NOU', 'icao': 'NWWW', 'terminal': None, 'gate': None, 'delay': 2, 'scheduled': '2023-11-29T01:05:00+00:00', 'estimated': '2023-11-29T01:05:00+00:00', 'actual': '2023-11-29T01:06:00+00:00', 'estimated_runway': '2023-11-29T01:06:00+00:00', 'actual_runway': '2023-11-29T01:06:00+00:00'}","{'airport': 'Narita International Airport', 'timezone': 'Asia/Tokyo', 'iata': 'NRT', 'icao': 'RJAA', 'terminal': '1', 'gate': None, 'baggage': None, 'delay': None, 'scheduled': '2023-11-29T07:55:00+00:00', 'estimated': '2023-11-29T07:55:00+00:00', 'actual': None, 'estimated_runway': None, 'actual_runway': None}","{'name': 'Air France', 'iata': 'AF', 'icao': 'AFR'}","{'number': '4020', 'iata': 'AF4020', 'icao': 'AFR4020', 'codeshared': {'airline_name': 'aircalin', 'airline_iata': 'sb', 'airline_icao': 'aci', 'flight_number': '800', 'flight_iata': 'sb800', 'flight_icao': 'aci800'}}",,
2023-11-29,active,"{'airport': 'Hong Kong International', 'timezone': 'Asia/Hong_Kong', 'iata': 'HKG', 'icao': 'VHHH', 'terminal': '1', 'gate': '30', 'delay': 25, 'scheduled': '2023-11-29T01:25:00+00:00', 'estimated': '2023-11-29T01:25:00+00:00', 'actual': '2023-11-29T01:50:00+00:00', 'estimated_runway': '2023-11-29T01:50:00+00:00', 'actual_runway': '2023-11-29T01:50:00+00:00'}","{'airport': 'Narita International Airport', 'timezone': 'Asia/Tokyo', 'iata': 'NRT', 'icao': 'RJAA', 'terminal': '2', 'gate': '64', 'baggage': None, 'delay': None, 'scheduled': '2023-11-29T06:30:00+00:00', 'estimated': '2023-11-29T06:30:00+00:00', 'actual': None, 'estimated_runway': None, 'actual_runway': None}","{'name': 'American Airlines', 'iata': 'AA', 'icao': 'AAL'}","{'number': '8884', 'iata': 'AA8884', 'icao': 'AAL8884', 'codeshared': {'airline_name': 'cathay pacific', 'airline_iata': 'cx', 'airline_icao': 'cpa', 'flight_number': '524', 'flight_iata': 'cx524', 'flight_icao': 'cpa524'}}",,
2023-11-29,active,"{'airport': 'Hong Kong International', 'timezone': 'Asia/Hong_Kong', 'iata': 'HKG', 'icao': 'VHHH', 'terminal': '1', 'gate': '30', 'delay': 25, 'scheduled': '2023-11-29T01:25:00+00:00', 'estimated': '2023-11-29T01:25:00+00:00', 'actual': '2023-11-29T01:50:00+00:00', 'estimated_runway': '2023-11-29T01:50:00+00:00', 'actual_runway': '2023-11-29T01:50:00+00:00'}","{'airport': 'Narita International Airport', 'timezone': 'Asia/Tokyo', 'iata': 'NRT', 'icao': 'RJAA', 'terminal': '2', 'gate': '64', 'baggage': None, 'delay': None, 'scheduled': '2023-11-29T06:30:00+00:00', 'estimated': '2023-11-29T06:30:00+00:00', 'actual': None, 'estimated_runway': None, 'actual_runway': None}","{'name': 'Jet Linx Aviation', 'iata': 'JL', 'icao': 'JTL'}","{'number': '7040', 'iata': 'JL7040', 'icao': 'JTL7040', 'codeshared': {'airline_name': 'cathay pacific', 'airline_iata': 'cx', 'airline_icao': 'cpa', 'flight_number': '524', 'flight_iata': 'cx524', 'flight_icao': 'cpa524'}}",,
2023-11-29,active,"{'airport': 'Hong Kong International', 'timezone': 'Asia/Hong_Kong', 'iata': 'HKG', 'icao': 'VHHH', 'terminal': '1', 'gate': '35', 'delay': 24, 'scheduled': '2023-11-29T02:30:00+00:00', 'estimated': '2023-11-29T02:30:00+00:00', 'actual': '2023-11-29T02:54:00+00:00', 'estimated_runway': '2023-11-29T02:54:00+00:00', 'actual_runway': '2023-11-29T02:54:00+00:00'}","{'airport': 'Seoul (Incheon)', 'timezone': 'Asia/Seoul', 'iata': 'ICN', 'icao': 'RKSI', 'terminal': '1', 'gate': '130', 'baggage': '14', 'delay': 12, 'scheduled': '2023-11-29T06:40:00+00:00', 'estimated': '2023-11-29T06:40:00+00:00', 'actual': None, 'estimated_runway': None, 'actual_runway': None}","{'name': ""T'Way Air"", 'iata': 'TW', 'icao': 'TWB'}","{'number': '118', 'iata': 'TW118', 'icao': 'TWB118', 'codeshared': None}","{'registration': 'HL8363', 'iata': 'B738', 'icao': 'B738', 'icao24': '71C363'}","{'updated': '2023-11-28T18:49:44+00:00', 'latitude': 22.3241, 'longitude': 113.899, 'altitude': 0, 'direction': 250, 'speed_horizontal': 51.856, 'speed_vertical': 0, 'is_ground': True}"
2023-11-29,active,"{'airport': 'Tashkent International', 'timezone': 'Asia/Tashkent', 'iata': 'TAS', 'icao': 'UTTT', 'terminal': '2', 'gate': None, 'delay': 2, 'scheduled': '2023-11-29T00:00:00+00:00', 'estimated': '2023-11-29T00:00:00+00:00', 'actual': '2023-11-29T00:01:00+00:00', 'estimated_runway': '2023-11-29T00:01:00+00:00', 'actual_runway': '2023-11-29T00:01:00+00:00'}","{'airport': 'Krasnojarsk', 'timezone': 'Asia/Krasnoyarsk', 'iata': 'KJA', 'icao': 'UNKL', 'terminal': '1', 'gate': None, 'baggage': None, 'delay': None, 'scheduled': '2023-11-29T05:20:00+00:00', 'estimated': '2023-11-29T05:20:00+00:00', 'actual': None, 'estimated_runway': None, 'actual_runway': None}","{'name': 'Rossiya Airlines', 'iata': 'FV', 'icao': 'SDM'}","{'number': '6726', 'iata': 'FV6726', 'icao': 'SDM6726', 'codeshared': None}",,
2023-11-29,active,"{'airport': 'Seoul (Incheon)', 'timezone': 'Asia/Seoul', 'iata': 'ICN', 'icao': 'RKSI', 'terminal': '1', 'gate': '109', 'delay': 10, 'scheduled': '2023-11-29T01:45:00+00:00', 'estimated': '2023-11-29T01:45:00+00:00', 'actual': '2023-11-29T01:54:00+00:00', 'estimated_runway': '2023-11-29T01:54:00+00:00', 'actual_runway': '2023-11-29T01:54:00+00:00'}","{'airport': 'Duong Dong', 'timezone': 'Asia/Ho_Chi_Minh', 'iata': 'PQC', 'icao': 'VVPQ', 'terminal': '1', 'gate': None, 'baggage': None, 'delay': None, 'scheduled': '2023-11-29T05:35:00+00:00', 'estimated': '2023-11-29T05:35:00+00:00', 'actual': None, 'estimated_runway': None, 'actual_runway': None}","{'name': None, 'iata': 'H1', 'icao': 'H1'}","{'number': '4540', 'iata': 'H14540', 'icao': 'H14540', 'codeshared': {'airline_name': 'vietjet air', 'airline_iata': 'vj', 'airline_icao': 'vjc', 'flight_number': '975', 'flight_iata': 'vj975', 'flight_icao': 'vjc975'}}",,
2023-11-29,active,"{'airport': 'Wellington International', 'timezone': 'Pacific/Auckland', 'iata': 'WLG', 'icao': 'NZWN', 'terminal': None, 'gate': '17', 'delay': 6, 'scheduled': '2023-11-29T07:30:00+00:00', 'estimated': '2023-11-29T07:30:00+00:00', 'actual': '2023-11-29T07:36:00+00:00', 'estimated_runway': '2023-11-29T07:36:00+00:00', 'actual_runway': '2023-11-29T07:36:00+00:00'}","{'airport': 'Auckland International', 'timezone': 'Pacific/Auckland', 'iata': 'AKL', 'icao': 'NZAA', 'terminal': 'D', 'gate': '29', 'baggage': 'DTB2', 'delay': None, 'scheduled': '2023-11-29T08:35:00+00:00', 'estimated': '2023-11-29T08:35:00+00:00', 'actual': None, 'estimated_runway': None, 'actual_runway': None}","{'name': 'EVA Air', 'iata': 'BR', 'icao': 'EVA'}","{'number': '3258', 'iata': 'BR3258', 'icao': 'EVA3258', 'codeshared': {'airline_name': 'air new zealand', 'airline_iata': 'nz', 'airline_icao': 'anz', 'flight_number': '408', 'flight_iata': 'nz408', 'flight_icao': 'anz408'}}",,
2023-11-29,active,"{'airport': 'Auckland International', 'timezone': 'Pacific/Auckland', 'iata': 'AKL', 'icao': 'NZAA', 'terminal': 'D', 'gate': '31', 'delay': 17, 'scheduled': '2023-11-29T08:00:00+00:00', 'estimated': '2023-11-29T08:00:00+00:00', 'actual': '2023-11-29T08:16:00+00:00', 'estimated_runway': '2023-11-29T08:16:00+00:00', 'actual_runway': '2023-11-29T08:16:00+00:00'}","{'airport': 'Christchurch International', 'timezone': 'Pacific/Auckland', 'iata': 'CHC', 'icao': 'NZCH', 'terminal': 'D', 'gate': 'D18', 'baggage': None, 'delay': None, 'scheduled': '2023-11-29T09:25:00+00:00', 'estimated': '2023-11-29T09:25:00+00:00', 'actual': None, 'estimated_runway': None, 'actual_runway': None}","{'name': 'Air New Zealand', 'iata': 'NZ', 'icao': 'ANZ'}","{'number': '523', 'iata': 'NZ523', 'icao': 'ANZ523', 'codeshared': None}",,
2023-11-29,active,"{'airport': 'Haneda Airport', 'timezone': 'Asia/Tokyo', 'iata': 'HND', 'icao': 'RJTT', 'terminal': '3', 'gate': '112', 'delay': 21, 'scheduled': '2023-11-29T00:10:00+00:00', 'estimated': '2023-11-29T00:10:00+00:00', 'actual': '2023-11-29T00:30:00+00:00', 'estimated_runway': '2023-11-29T00:30:00+00:00', 'actual_runway': '2023-11-29T00:30:00+00:00'}","{'airport': 'Suvarnabhumi International', 'timezone': 'Asia/Bangkok', 'iata': 'BKK', 'icao': 'VTBS', 'terminal': 'MAIN', 'gate': None, 'baggage': None, 'delay': None, 'scheduled': '2023-11-29T05:05:00+00:00', 'estimated': '2023-11-29T05:05:00+00:00', 'actual': None, 'estimated_runway': None, 'actual_runway': None}","{'name': 'JAL', 'iata': 'JL', 'icao': 'JAL'}","{'number': '33', 'iata': 'JL33', 'icao': 'JAL33', 'codeshared': None}",,
2023-11-29,active,"{'airport': 'Seoul (Incheon)', 'timezone': 'Asia/Seoul', 'iata': 'ICN', 'icao': 'RKSI', 'terminal': '1', 'gate': '109', 'delay': 10, 'scheduled': '2023-11-29T01:45:00+00:00', 'estimated': '2023-11-29T01:45:00+00:00', 'actual': '2023-11-29T01:54:00+00:00', 'estimated_runway': '2023-11-29T01:54:00+00:00', 'actual_runway': '2023-11-29T01:54:00+00:00'}","{'airport': 'Duong Dong', 'timezone': 'Asia/Ho_Chi_Minh', 'iata': 'PQC', 'icao': 'VVPQ', 'terminal': '1', 'gate': None, 'baggage': None, 'delay': None, 'scheduled': '2023-11-29T05:35:00+00:00', 'estimated': '2023-11-29T05:35:00+00:00', 'actual': None, 'estimated_runway': None, 'actual_runway': None}","{'name': 'FlexFlight', 'iata': 'W2', 'icao': 'FXT'}","{'number': '4975', 'iata': 'W24975', 'icao': 'FXT4975', 'codeshared': {'airline_name': 'vietjet air', 'airline_iata': 'vj', 'airline_icao': 'vjc', 'flight_number': '975', 'flight_iata': 'vj975', 'flight_icao': 'vjc975'}}",,
2023-11-29,active,"{'airport': 'Noibai International', 'timezone': 'Asia/Ho_Chi_Minh', 'iata': 'HAN', 'icao': 'VVNB', 'terminal': 'T2', 'gate': None, 'delay': 10, 'scheduled': '2023-11-29T00:35:00+00:00', 'estimated': '2023-11-29T00:35:00+00:00', 'actual': '2023-11-29T00:45:00+00:00', 'estimated_runway': '2023-11-29T00:45:00+00:00', 'actual_runway': '2023-11-29T00:45:00+00:00'}","{'airport': 'Kansai International', 'timezone': 'Asia/Tokyo', 'iata': 'KIX', 'icao': 'RJBB', 'terminal': '1', 'gate': '32', 'baggage': None, 'delay': None, 'scheduled': '2023-11-29T06:40:00+00:00', 'estimated': '2023-11-29T06:40:00+00:00', 'actual': None, 'estimated_runway': None, 'actual_runway': None}","{'name': 'Vietnam Airlines', 'iata': 'VN', 'icao': 'HVN'}","{'number': '330', 'iata': 'VN330', 'icao': 'HVN330', 'codeshared': None}",,
2023-11-29,active,"{'airport': 'Kunming', 'timezone': 'Asia/Shanghai', 'iata': 'KMG', 'icao': 'ZPPP', 'terminal': None, 'gate': None, 'delay': 11, 'scheduled': '2023-11-29T02:30:00+00:00', 'estimated': '2023-11-29T02:30:00+00:00', 'actual': '2023-11-29T02:40:00+00:00', 'estimated_runway': '2023-11-29T02:40:00+00:00', 'actual_runway': '2023-11-29T02:40:00+00:00'}","{'airport': 'Kuala Lumpur International Airport (klia)', 'timezone': 'Asia/Kuala_Lumpur', 'iata': 'KUL', 'icao': 'WMKK', 'terminal': '2', 'gate': None, 'baggage': None, 'delay': None, 'scheduled': '2023-11-29T06:30:00+00:00', 'estimated': '2023-11-29T06:30:00+00:00', 'actual': None, 'estimated_runway': None, 'actual_runway': None}","{'name': 'AirAsia', 'iata': 'AK', 'icao': 'AXM'}","{'number': '104', 'iata': 'AK104', 'icao': 'AXM104', 'codeshared': None}",,
2023-11-29,active,"{'airport': 'Auckland International', 'timezone': 'Pacific/Auckland', 'iata': 'AKL', 'icao': 'NZAA', 'terminal': 'D', 'gate': '33', 'delay': 22, 'scheduled': '2023-11-29T07:30:00+00:00', 'estimated': '2023-11-29T07:30:00+00:00', 'actual': '2023-11-29T07:51:00+00:00', 'estimated_runway': '2023-11-29T07:51:00+00:00', 'actual_runway': '2023-11-29T07:51:00+00:00'}","{'airport': 'Wellington International', 'timezone': 'Pacific/Auckland', 'iata': 'WLG', 'icao': 'NZWN', 'terminal': '1', 'gate': '15', 'baggage': None, 'delay': 7, 'scheduled': '2023-11-29T08:40:00+00:00', 'estimated': '2023-11-29T08:40:00+00:00', 'actual': None, 'estimated_runway': None, 'actual_runway': None}","{'name': 'Singapore Airlines', 'iata': 'SQ', 'icao': 'SIA'}","{'number': '4291', 'iata': 'SQ4291', 'icao': 'SIA4291', 'codeshared': {'airline_name': 'air new zealand', 'airline_iata': 'nz', 'airline_icao': 'anz', 'flight_number': '407', 'flight_iata': 'nz407', 'flight_icao': 'anz407'}}",,
2023-11-29,active,"{'airport': 'Avalon', 'timezone': 'Australia/Melbourne', 'iata': 'AVV', 'icao': 'YMAV', 'terminal': None, 'gate': None, 'delay': 9, 'scheduled': '2023-11-29T06:00:00+00:00', 'estimated': '2023-11-29T06:00:00+00:00', 'actual': '2023-11-29T06:08:00+00:00', 'estimated_runway': '2023-11-29T06:08:00+00:00', 'actual_runway': '2023-11-29T06:08:00+00:00'}","{'airport': 'Sydney Kingsford Smith Airport', 'timezone': 'Australia/Sydney', 'iata': 'SYD', 'icao': 'YSSY', 'terminal': '2', 'gate': 'A55', 'baggage': 'D5', 'delay': None, 'scheduled': '2023-11-29T07:25:00+00:00', 'estimated': '2023-11-29T07:25:00+00:00', 'actual': None, 'estimated_runway': None, 'actual_runway': None}","{'name': 'Qantas', 'iata': 'QF', 'icao': 'QFA'}","{'number': '5602', 'iata': 'QF5602', 'icao': 'QFA5602', 'codeshared': {'airline_name': 'jetstar', 'airline_iata': 'jq', 'airline_icao': 'jst', 'flight_number': '602', 'flight_iata': 'jq602', 'flight_icao': 'jst602'}}",,
2023-11-29,active,"{'airport': 'Rotorua', 'timezone': 'Pacific/Auckland', 'iata': 'ROT', 'icao': 'NZRO', 'terminal': None, 'gate': None, 'delay': 16, 'scheduled': '2023-11-29T07:05:00+00:00', 'estimated': '2023-11-29T07:05:00+00:00', 'actual': '2023-11-29T07:21:00+00:00', 'estimated_runway': '2023-11-29T07:21:00+00:00', 'actual_runway': '2023-11-29T07:21:00+00:00'}","{'airport': 'Wellington International', 'timezone': 'Pacific/Auckland', 'iata': 'WLG', 'icao': 'NZWN', 'terminal': '1', 'gate': '7', 'baggage': None, 'delay': 6, 'scheduled': '2023-11-29T08:15:00+00:00', 'estimated': '2023-11-29T08:15:00+00:00', 'actual': None, 'estimated_runway': None, 'actual_runway': None}","{'name': 'Air New Zealand', 'iata': 'NZ', 'icao': 'ANZ'}","{'number': '8231', 'iata': 'NZ8231', 'icao': 'ANZ8231', 'codeshared': None}","{'registration': 'ZK-NEG', 'iata': 'DH8C', 'icao': 'DH8C', 'icao24': 'C8195B'}","{'updated': '2023-11-28T18:55:30+00:00', 'latitude': -39.9355, 'longitude': 175.725, 'altitude': 6103.62, 'direction': 198, 'speed_horizontal': 433.368, 'speed_vertical': 0, 'is_ground': False}"
2023-11-29,active,"{'airport': 'Mactan-Cebu International', 'timezone': 'Asia/Manila', 'iata': 'CEB', 'icao': 'RPVM', 'terminal': '1', 'gate': None, 'delay': None, 'scheduled': '2023-11-29T02:35:00+00:00', 'estimated': '2023-11-29T02:35:00+00:00', 'actual': '2023-11-29T02:22:00+00:00', 'estimated_runway': '2023-11-29T02:22:00+00:00', 'actual_runway': '2023-11-29T02:22:00+00:00'}","{'airport': 'Ninoy Aquino International', 'timezone': 'Asia/Manila', 'iata': 'MNL', 'icao': 'RPLL', 'terminal': '4', 'gate': None, 'baggage': None, 'delay': None, 'scheduled': '2023-11-29T04:35:00+00:00', 'estimated': '2023-11-29T04:35:00+00:00', 'actual': None, 'estimated_runway': None, 'actual_runway': None}","{'name': 'Cebu Pacific Air', 'iata': '5J', 'icao': 'CEB'}","{'number': '6506', 'iata': '5J6506', 'icao': 'CEB6506', 'codeshared': None}",,
2023-11-29,active,"{'airport': 'Ngurah Rai International', 'timezone': 'Asia/Makassar', 'iata': 'DPS', 'icao': 'WADD', 'terminal': 'I', 'gate': '7', 'delay': 2, 'scheduled': '2023-11-29T00:30:00+00:00', 'estimated': '2023-11-29T00:30:00+00:00', 'actual': '2023-11-29T00:27:00+00:00', 'estimated_runway': '2023-11-29T00:27:00+00:00', 'actual_runway': '2023-11-29T00:27:00+00:00'}","{'airport': 'Xiamen', 'timezone': 'Asia/Shanghai', 'iata': 'XMN', 'icao': 'ZSAM', 'terminal': '3', 'gate': '16', 'baggage': None, 'delay': None, 'scheduled': '2023-11-29T06:05:00+00:00', 'estimated': '2023-11-29T06:05:00+00:00', 'actual': None, 'estimated_runway': None, 'actual_runway': None}","{'name': 'Garuda Indonesia', 'iata': 'GA', 'icao': 'GIA'}","{'number': '9725', 'iata': 'GA9725', 'icao': 'GIA9725', 'codeshared': {'airline_name': 'xiamen airlines', 'airline_iata': 'mf', 'airline_icao': 'cxa', 'flight_number': '892', 'flight_iata': 'mf892', 'flight_icao': 'cxa892'}}",,
2023-11-29,active,"{'airport': 'Kansai International', 'timezone': 'Asia/Tokyo', 'iata': 'KIX', 'icao': 'RJBB', 'terminal': '1', 'gate': '32', 'delay': 18, 'scheduled': '2023-11-29T00:45:00+00:00', 'estimated': '2023-11-29T00:45:00+00:00', 'actual': '2023-11-29T01:03:00+00:00', 'estimated_runway': '2023-11-29T01:03:00+00:00', 'actual_runway': '2023-11-29T01:03:00+00:00'}","{'airport': 'Suvarnabhumi International', 'timezone': 'Asia/Bangkok', 'iata': 'BKK', 'icao': 'VTBS', 'terminal': 'MAIN', 'gate': None, 'baggage': None, 'delay': None, 'scheduled': '2023-11-29T05:00:00+00:00', 'estimated': '2023-11-29T05:00:00+00:00', 'actual': None, 'estimated_runway': None, 'actual_runway': None}","{'name': 'Bangkok Airways', 'iata': 'PG', 'icao': 'BKP'}","{'number': '4170', 'iata': 'PG4170', 'icao': 'BKP4170', 'codeshared': {'airline_name': 'jal', 'airline_iata': 'jl', 'airline_icao': 'jal', 'flight_number': '727', 'flight_iata': 'jl727', 'flight_icao': 'jal727'}}",,
2023-11-29,active,"{'airport': 'Mactan-Cebu International', 'timezone': 'Asia/Manila', 'iata': 'CEB', 'icao': 'RPVM', 'terminal': '2', 'gate': 'B', 'delay': 24, 'scheduled': '2023-11-29T01:55:00+00:00', 'estimated': '2023-11-29T01:55:00+00:00', 'actual': '2023-11-29T02:19:00+00:00', 'estimated_runway': '2023-11-29T02:19:00+00:00', 'actual_runway': '2023-11-29T02:19:00+00:00'}","{'airport': 'Seoul (Incheon)', 'timezone': 'Asia/Seoul', 'iata': 'ICN', 'icao': 'RKSI', 'terminal': '2', 'gate': '256', 'baggage': '9', 'delay': 2, 'scheduled': '2023-11-29T07:20:00+00:00', 'estimated': '2023-11-29T07:20:00+00:00', 'actual': None, 'estimated_runway': None, 'actual_runway': None}","{'name': 'Jin Air', 'iata': 'LJ', 'icao': 'JNA'}","{'number': '28', 'iata': 'LJ28', 'icao': 'JNA28', 'codeshared': None}",,
2023-11-29,active,"{'airport': 'Francisco Bangoy International', 'timezone': 'Asia/Manila', 'iata': 'DVO', 'icao': 'RPMD', 'terminal': None, 'gate': None, 'delay': None, 'scheduled': '2023-11-29T03:00:00+00:00', 'estimated': '2023-11-29T03:00:00+00:00', 'actual': '2023-11-29T02:59:00+00:00', 'estimated_runway': '2023-11-29T02:59:00+00:00', 'actual_runway': '2023-11-29T02:59:00+00:00'}","{'airport': 'Ninoy Aquino International', 'timezone': 'Asia/Manila', 'iata': 'MNL', 'icao': 'RPLL', 'terminal': '2', 'gate': None, 'baggage': None, 'delay': None, 'scheduled': '2023-11-29T04:50:00+00:00', 'estimated': '2023-11-29T04:50:00+00:00', 'actual': None, 'estimated_runway': None, 'actual_runway': None}","{'name': 'Philippine Airlines', 'iata': 'PR', 'icao': 'PAL'}","{'number': '2808', 'iata': 'PR2808', 'icao': 'PAL2808', 'codeshared': None}",,
2023-11-29,active,"{'airport': 'Francisco Bangoy International', 'timezone': 'Asia/Manila', 'iata': 'DVO', 'icao': 'RPMD', 'terminal': None, 'gate': None, 'delay': None, 'scheduled': '2023-11-29T03:00:00+00:00', 'estimated': '2023-11-29T03:00:00+00:00', 'actual': '2023-11-29T02:59:00+00:00', 'estimated_runway': '2023-11-29T02:59:00+00:00', 'actual_runway': '2023-11-29T02:59:00+00:00'}","{'airport': 'Ninoy Aquino International', 'timezone': 'Asia/Manila', 'iata': 'MNL', 'icao': 'RPLL', 'terminal': '2', 'gate': None, 'baggage': None, 'delay': None, 'scheduled': '2023-11-29T04:50:00+00:00', 'estimated': '2023-11-29T04:50:00+00:00', 'actual': None, 'estimated_runway': None, 'actual_runway': None}","{'name': 'China Airlines', 'iata': 'CI', 'icao': 'CAL'}","{'number': '8914', 'iata': 'CI8914', 'icao': 'CAL8914', 'codeshared': {'airline_name': 'philippine airlines', 'airline_iata': 'pr', 'airline_icao': 'pal', 'flight_number': '2808', 'flight_iata': 'pr2808', 'flight_icao': 'pal2808'}}",,
2023-11-29,active,"{'airport': 'Beijing Capital International', 'timezone': 'Asia/Shanghai', 'iata': 'PEK', 'icao': 'ZBAA', 'terminal': None, 'gate': None, 'delay': None, 'scheduled': '2023-11-29T00:30:00+00:00', 'estimated': '2023-11-29T00:30:00+00:00', 'actual': '2023-11-29T00:26:00+00:00', 'estimated_runway': '2023-11-29T00:26:00+00:00', 'actual_runway': '2023-11-29T00:26:00+00:00'}","{'airport': 'Shenzhen', 'timezone': 'Asia/Shanghai', 'iata': 'SZX', 'icao': 'ZGSZ', 'terminal': 'T3', 'gate': None, 'baggage': None, 'delay': None, 'scheduled': '2023-11-29T04:20:00+00:00', 'estimated': '2023-11-29T04:20:00+00:00', 'actual': None, 'estimated_runway': None, 'actual_runway': None}","{'name': 'SF Airlines', 'iata': 'O3', 'icao': 'CSS'}","{'number': '7105', 'iata': 'O37105', 'icao': 'CSS7105', 'codeshared': None}","{'registration': 'B-220A', 'iata': 'B752', 'icao': 'B752', 'icao24': '7819D4'}","{'updated': '2023-11-28T18:15:15+00:00', 'latitude': 29.1914, 'longitude': 113.799, 'altitude': 9791.7, 'direction': 179, 'speed_horizontal': 816.732, 'speed_vertical': 0, 'is_ground': False}"
2023-11-29,active,"{'airport': 'Hasanudin', 'timezone': 'Asia/Makassar', 'iata': 'UPG', 'icao': 'WAAA', 'terminal': 'D', 'gate': '6', 'delay': 14, 'scheduled': '2023-11-29T02:40:00+00:00', 'estimated': '2023-11-29T02:40:00+00:00', 'actual': '2023-11-29T02:53:00+00:00', 'estimated_runway': '2023-11-29T02:53:00+00:00', 'actual_runway': '2023-11-29T02:53:00+00:00'}","{'airport': 'Sentani', 'timezone': 'Asia/Jayapura', 'iata': 'DJJ', 'icao': 'WAJJ', 'terminal': 'D', 'gate': None, 'baggage': None, 'delay': None, 'scheduled': '2023-11-29T07:20:00+00:00', 'estimated': '2023-11-29T07:20:00+00:00', 'actual': None, 'estimated_runway': None, 'actual_runway': None}","{'name': 'Batik Air', 'iata': 'ID', 'icao': 'BTK'}","{'number': '6182', 'iata': 'ID6182', 'icao': 'BTK6182', 'codeshared': None}","{'registration': 'PK-BGJ', 'iata': 'B738', 'icao': 'B738', 'icao24': '8A093F'}","{'updated': '2023-11-28T19:00:15+00:00', 'latitude': -4.8027, 'longitude': 119.77, 'altitude': 4876.8, 'direction': 86, 'speed_horizontal': 674.128, 'speed_vertical': 0, 'is_ground': False}"
2023-11-29,active,"{'airport': 'Kansai International', 'timezone': 'Asia/Tokyo', 'iata': 'KIX', 'icao': 'RJBB', 'terminal': '1', 'gate': '32', 'delay': 18, 'scheduled': '2023-11-29T00:45:00+00:00', 'estimated': '2023-11-29T00:45:00+00:00', 'actual': '2023-11-29T01:03:00+00:00', 'estimated_runway': '2023-11-29T01:03:00+00:00', 'actual_runway': '2023-11-29T01:03:00+00:00'}","{'airport': 'Suvarnabhumi International', 'timezone': 'Asia/Bangkok', 'iata': 'BKK', 'icao': 'VTBS', 'terminal': 'MAIN', 'gate': None, 'baggage': None, 'delay': None, 'scheduled': '2023-11-29T05:00:00+00:00', 'estimated': '2023-11-29T05:00:00+00:00', 'actual': None, 'estimated_runway': None, 'actual_runway': None}","{'name': 'Alaska Airlines', 'iata': 'AS', 'icao': 'ASA'}","{'number': '7341', 'iata': 'AS7341', 'icao': 'ASA7341', 'codeshared': {'airline_name': 'jal', 'airline_iata': 'jl', 'airline_icao': 'jal', 'flight_number': '727', 'flight_iata': 'jl727', 'flight_icao': 'jal727'}}",,
2023-11-29,active,"{'airport': 'Haneda Airport', 'timezone': 'Asia/Tokyo', 'iata': 'HND', 'icao': 'RJTT', 'terminal': '3', 'gate': '114', 'delay': 15, 'scheduled': '2023-11-29T02:30:00+00:00', 'estimated': '2023-11-29T02:30:00+00:00', 'actual': '2023-11-29T02:44:00+00:00', 'estimated_runway': '2023-11-29T02:44:00+00:00', 'actual_runway': '2023-11-29T02:44:00+00:00'}","{'airport': 'Tan Son Nhat International', 'timezone': 'Asia/Ho_Chi_Minh', 'iata': 'SGN', 'icao': 'VVTS', 'terminal': '2', 'gate': None, 'baggage': None, 'delay': None, 'scheduled': '2023-11-29T07:20:00+00:00', 'estimated': '2023-11-29T07:20:00+00:00', 'actual': None, 'estimated_runway': None, 'actual_runway': None}","{'name': 'VietJet Air', 'iata': 'VJ', 'icao': 'VJC'}","{'number': '821', 'iata': 'VJ821', 'icao': 'VJC821', 'codeshared': None}",,
2023-11-29,active,"{'airport': 'Irkutsk', 'timezone': 'Asia/Irkutsk', 'iata': 'IKT', 'icao': 'UIII', 'terminal': None, 'gate': None, 'delay': 12, 'scheduled': '2023-11-29T01:20:00+00:00', 'estimated': '2023-11-29T01:20:00+00:00', 'actual': '2023-11-29T01:31:00+00:00', 'estimated_runway': '2023-11-29T01:31:00+00:00', 'actual_runway': '2023-11-29T01:31:00+00:00'}","{'airport': 'Vladivostok', 'timezone': 'Asia/Vladivostok', 'iata': 'VVO', 'icao': 'UHWW', 'terminal': 'A', 'gate': None, 'baggage': None, 'delay': None, 'scheduled': '2023-11-29T07:25:00+00:00', 'estimated': '2023-11-29T07:25:00+00:00', 'actual': None, 'estimated_runway': None, 'actual_runway': None}","{'name': 'S7 Airlines', 'iata': 'S7', 'icao': 'SBI'}","{'number': '6339', 'iata': 'S76339', 'icao': 'SBI6339', 'codeshared': None}",,
2023-11-29,active,"{'airport': 'Ngurah Rai International', 'timezone': 'Asia/Makassar', 'iata': 'DPS', 'icao': 'WADD', 'terminal': 'I', 'gate': '7', 'delay': 2, 'scheduled': '2023-11-29T00:30:00+00:00', 'estimated': '2023-11-29T00:30:00+00:00', 'actual': '2023-11-29T00:27:00+00:00', 'estimated_runway': '2023-11-29T00:27:00+00:00', 'actual_runway': '2023-11-29T00:27:00+00:00'}","{'airport': 'Xiamen', 'timezone': 'Asia/Shanghai', 'iata': 'XMN', 'icao': 'ZSAM', 'terminal': '3', 'gate': '16', 'baggage': None, 'delay': None, 'scheduled': '2023-11-29T06:05:00+00:00', 'estimated': '2023-11-29T06:05:00+00:00', 'actual': None, 'estimated_runway': None, 'actual_runway': None}","{'name': 'Xiamen Airlines', 'iata': 'MF', 'icao': 'CXA'}","{'number': '892', 'iata': 'MF892', 'icao': 'CXA892', 'codeshared': None}","{'registration': 'B-5658', 'iata': 'B738', 'icao': 'B738', 'icao24': '7808D5'}","{'updated': '2023-11-28T16:19:50+00:00', 'latitude': -8.7467, 'longitude': 115.17, 'altitude': 0, 'direction': 84, 'speed_horizontal': 1.852, 'speed_vertical': 0, 'is_ground': True}"
2023-11-29,active,"{'airport': 'Noibai International', 'timezone': 'Asia/Ho_Chi_Minh', 'iata': 'HAN', 'icao': 'VVNB', 'terminal': 'T2', 'gate': None, 'delay': 5, 'scheduled': '2023-11-29T00:20:00+00:00', 'estimated': '2023-11-29T00:20:00+00:00', 'actual': '2023-11-29T00:24:00+00:00', 'estimated_runway': '2023-11-29T00:24:00+00:00', 'actual_runway': '2023-11-29T00:24:00+00:00'}","{'airport': 'Narita International Airport', 'timezone': 'Asia/Tokyo', 'iata': 'NRT', 'icao': 'RJAA', 'terminal': '1', 'gate': None, 'baggage': None, 'delay': None, 'scheduled': '2023-11-29T07:00:00+00:00', 'estimated': '2023-11-29T07:00:00+00:00', 'actual': None, 'estimated_runway': None, 'actual_runway': None}","{'name': 'ANA', 'iata': 'NH', 'icao': 'ANA'}","{'number': '9716', 'iata': 'NH9716', 'icao': 'ANA9716', 'codeshared': {'airline_name': 'vietnam airlines', 'airline_iata': 'vn', 'airline_icao': 'hvn', 'flight_number': '310', 'flight_iata': 'vn310', 'flight_icao': 'hvn310'}}",,
2023-11-29,active,"{'airport': 'Brisbane International', 'timezone': 'Australia/Brisbane', 'iata': 'BNE', 'icao': 'YBBN', 'terminal': 'I', 'gate': '80', 'delay': 2, 'scheduled': '2023-11-29T00:40:00+00:00', 'estimated': '2023-11-29T00:40:00+00:00', 'actual': '2023-11-29T00:42:00+00:00', 'estimated_runway': '2023-11-29T00:42:00+00:00', 'actual_runway': '2023-11-29T00:42:00+00:00'}","{'airport': 'Hong Kong International', 'timezone': 'Asia/Hong_Kong', 'iata': 'HKG', 'icao': 'VHHH', 'terminal': '1', 'gate': None, 'baggage': None, 'delay': None, 'scheduled': '2023-11-29T07:30:00+00:00', 'estimated': '2023-11-29T07:30:00+00:00', 'actual': None, 'estimated_runway': None, 'actual_runway': None}","{'name': 'Cathay Pacific', 'iata': 'CX', 'icao': 'CPA'}","{'number': '156', 'iata': 'CX156', 'icao': 'CPA156', 'codeshared': None}",,
2023-11-29,active,"{'airport': 'Wattay', 'timezone': 'Asia/Vientiane', 'iata': 'VTE', 'icao': 'VLVT', 'terminal': 'D', 'gate': None, 'delay': 8, 'scheduled': '2023-11-29T00:30:00+00:00', 'estimated': '2023-11-29T00:30:00+00:00', 'actual': '2023-11-29T00:38:00+00:00', 'estimated_runway': '2023-11-29T00:38:00+00:00', 'actual_runway': '2023-11-29T00:38:00+00:00'}","{'airport': 'Muan International', 'timezone': 'Asia/Seoul', 'iata': 'MWX', 'icao': 'RKJB', 'terminal': 'D', 'gate': None, 'baggage': None, 'delay': None, 'scheduled': '2023-11-29T07:00:00+00:00', 'estimated': '2023-11-29T07:00:00+00:00', 'actual': None, 'estimated_runway': None, 'actual_runway': None}","{'name': 'Lao Airlines', 'iata': 'QV', 'icao': 'LAO'}","{'number': '981', 'iata': 'QV981', 'icao': 'LAO981', 'codeshared': None}",,
2023-11-29,active,"{'airport': 'Wattay', 'timezone': 'Asia/Vientiane', 'iata': 'VTE', 'icao': 'VLVT', 'terminal': 'I', 'gate': None, 'delay': 9, 'scheduled': '2023-11-29T00:25:00+00:00', 'estimated': '2023-11-29T00:25:00+00:00', 'actual': '2023-11-29T00:34:00+00:00', 'estimated_runway': '2023-11-29T00:34:00+00:00', 'actual_runway': '2023-11-29T00:34:00+00:00'}","{'airport': 'Seoul (Incheon)', 'timezone': 'Asia/Seoul', 'iata': 'ICN', 'icao': 'RKSI', 'terminal': '2', 'gate': '270', 'baggage': '8', 'delay': None, 'scheduled': '2023-11-29T07:20:00+00:00', 'estimated': '2023-11-29T07:20:00+00:00', 'actual': None, 'estimated_runway': None, 'actual_runway': None}","{'name': 'Jin Air', 'iata': 'LJ', 'icao': 'JNA'}","{'number': '122', 'iata': 'LJ122', 'icao': 'JNA122', 'codeshared': None}",,
2023-11-29,active,"{'airport': 'Sydney Kingsford Smith Airport', 'timezone': 'Australia/Sydney', 'iata': 'SYD', 'icao': 'YSSY', 'terminal': '2', 'gate': '38', 'delay': 13, 'scheduled': '2023-11-29T06:00:00+00:00', 'estimated': '2023-11-29T06:00:00+00:00', 'actual': '2023-11-29T06:13:00+00:00', 'estimated_runway': '2023-11-29T06:13:00+00:00', 'actual_runway': '2023-11-29T06:13:00+00:00'}","{'airport': 'Brisbane International', 'timezone': 'Australia/Brisbane', 'iata': 'BNE', 'icao': 'YBBN', 'terminal': 'D', 'gate': '41', 'baggage': 'D05', 'delay': None, 'scheduled': '2023-11-29T06:30:00+00:00', 'estimated': '2023-11-29T06:30:00+00:00', 'actual': None, 'estimated_runway': None, 'actual_runway': None}","{'name': 'Singapore Airlines', 'iata': 'SQ', 'icao': 'SIA'}","{'number': '6422', 'iata': 'SQ6422', 'icao': 'SIA6422', 'codeshared': {'airline_name': 'virgin australia', 'airline_iata': 'va', 'airline_icao': 'voz', 'flight_number': '901', 'flight_iata': 'va901', 'flight_icao': 'voz901'}}",,
2023-11-29,active,"{'airport': 'Noibai International', 'timezone': 'Asia/Ho_Chi_Minh', 'iata': 'HAN', 'icao': 'VVNB', 'terminal': 'T2', 'gate': None, 'delay': 5, 'scheduled': '2023-11-29T00:20:00+00:00', 'estimated': '2023-11-29T00:20:00+00:00', 'actual': '2023-11-29T00:24:00+00:00', 'estimated_runway': '2023-11-29T00:24:00+00:00', 'actual_runway': '2023-11-29T00:24:00+00:00'}","{'airport': 'Narita International Airport', 'timezone': 'Asia/Tokyo', 'iata': 'NRT', 'icao': 'RJAA', 'terminal': '1', 'gate': None, 'baggage': None, 'delay': None, 'scheduled': '2023-11-29T07:00:00+00:00', 'estimated': '2023-11-29T07:00:00+00:00', 'actual': None, 'estimated_runway': None, 'actual_runway': None}","{'name': 'Vietnam Airlines', 'iata': 'VN', 'icao': 'HVN'}","{'number': '310', 'iata': 'VN310', 'icao': 'HVN310', 'codeshared': None}",,
2023-11-29,active,"{'airport': 'Guam International', 'timezone': 'Pacific/Guam', 'iata': 'GUM', 'icao': 'PGUM', 'terminal': None, 'gate': None, 'delay': 27, 'scheduled': '2023-11-29T02:40:00+00:00', 'estimated': '2023-11-29T02:40:00+00:00', 'actual': '2023-11-29T03:06:00+00:00', 'estimated_runway': '2023-11-29T03:06:00+00:00', 'actual_runway': '2023-11-29T03:06:00+00:00'}","{'airport': 'Seoul (Incheon)', 'timezone': 'Asia/Seoul', 'iata': 'ICN', 'icao': 'RKSI', 'terminal': '1', 'gate': '37', 'baggage': '23', 'delay': None, 'scheduled': '2023-11-29T06:40:00+00:00', 'estimated': '2023-11-29T06:40:00+00:00', 'actual': None, 'estimated_runway': None, 'actual_runway': None}","{'name': 'Jeju Air', 'iata': '7C', 'icao': 'JJA'}","{'number': '3105', 'iata': '7C3105', 'icao': 'JJA3105', 'codeshared': None}",,
2023-11-29,active,"{'airport': 'Kuala Lumpur International Airport (klia)', 'timezone': 'Asia/Kuala_Lumpur', 'iata': 'KUL', 'icao': 'WMKK', 'terminal': '2', 'gate': 'L3', 'delay': 23, 'scheduled': '2023-11-29T01:45:00+00:00', 'estimated': '2023-11-29T01:45:00+00:00', 'actual': '2023-11-29T02:08:00+00:00', 'estimated_runway': '2023-11-29T02:08:00+00:00', 'actual_runway': '2023-11-29T02:08:00+00:00'}","{'airport': 'Ninoy Aquino International', 'timezone': 'Asia/Manila', 'iata': 'MNL', 'icao': 'RPLL', 'terminal': '3', 'gate': None, 'baggage': None, 'delay': None, 'scheduled': '2023-11-29T05:50:00+00:00', 'estimated': '2023-11-29T05:50:00+00:00', 'actual': None, 'estimated_runway': None, 'actual_runway': None}","{'name': 'Cebu Pacific Air', 'iata': '5J', 'icao': 'CEB'}","{'number': '502', 'iata': '5J502', 'icao': 'CEB502', 'codeshared': None}",,
2023-11-29,active,"{'airport': 'Kuala Lumpur International Airport (klia)', 'timezone': 'Asia/Kuala_Lumpur', 'iata': 'KUL', 'icao': 'WMKK', 'terminal': '2', 'gate': 'Q10', 'delay': 15, 'scheduled': '2023-11-29T01:55:00+00:00', 'estimated': '2023-11-29T01:55:00+00:00', 'actual': '2023-11-29T02:10:00+00:00', 'estimated_runway': '2023-11-29T02:10:00+00:00', 'actual_runway': '2023-11-29T02:10:00+00:00'}","{'airport': 'Kansai International', 'timezone': 'Asia/Tokyo', 'iata': 'KIX', 'icao': 'RJBB', 'terminal': '1', 'gate': '18', 'baggage': None, 'delay': None, 'scheduled': '2023-11-29T09:25:00+00:00', 'estimated': '2023-11-29T09:25:00+00:00', 'actual': None, 'estimated_runway': None, 'actual_runway': None}","{'name': 'AirAsia X', 'iata': 'D7', 'icao': 'XAX'}","{'number': '532', 'iata': 'D7532', 'icao': 'XAX532', 'codeshared': None}",,
2023-11-29,active,"{'airport': 'Haneda Airport', 'timezone': 'Asia/Tokyo', 'iata': 'HND', 'icao': 'RJTT', 'terminal': '2', 'gate': '71', 'delay': 12, 'scheduled': '2023-11-29T00:35:00+00:00', 'estimated': '2023-11-29T00:35:00+00:00', 'actual': '2023-11-29T00:46:00+00:00', 'estimated_runway': '2023-11-29T00:46:00+00:00', 'actual_runway': '2023-11-29T00:46:00+00:00'}","{'airport': 'Singapore Changi', 'timezone': 'Asia/Singapore', 'iata': 'SIN', 'icao': 'WSSS', 'terminal': '2', 'gate': None, 'baggage': None, 'delay': None, 'scheduled': '2023-11-29T07:00:00+00:00', 'estimated': '2023-11-29T07:00:00+00:00', 'actual': None, 'estimated_runway': None, 'actual_runway': None}","{'name': 'ANA', 'iata': 'NH', 'icao': 'ANA'}","{'number': '843', 'iata': 'NH843', 'icao': 'ANA843', 'codeshared': None}",,
2023-11-29,active,"{'airport': 'Haneda Airport', 'timezone': 'Asia/Tokyo', 'iata': 'HND', 'icao': 'RJTT', 'terminal': '3', 'gate': '147', 'delay': 32, 'scheduled': '2023-11-29T00:20:00+00:00', 'estimated': '2023-11-29T00:20:00+00:00', 'actual': '2023-11-29T00:52:00+00:00', 'estimated_runway': '2023-11-29T00:52:00+00:00', 'actual_runway': '2023-11-29T00:52:00+00:00'}","{'airport': 'Suvarnabhumi International', 'timezone': 'Asia/Bangkok', 'iata': 'BKK', 'icao': 'VTBS', 'terminal': 'MAIN', 'gate': None, 'baggage': None, 'delay': None, 'scheduled': '2023-11-29T05:25:00+00:00', 'estimated': '2023-11-29T05:25:00+00:00', 'actual': None, 'estimated_runway': None, 'actual_runway': None}","{'name': 'Thai Airways International', 'iata': 'TG', 'icao': 'THA'}","{'number': '661', 'iata': 'TG661', 'icao': 'THA661', 'codeshared': None}",,
2023-11-29,active,"{'airport': 'Haneda Airport', 'timezone': 'Asia/Tokyo', 'iata': 'HND', 'icao': 'RJTT', 'terminal': '3', 'gate': '142', 'delay': 20, 'scheduled': '2023-11-29T01:40:00+00:00', 'estimated': '2023-11-29T01:40:00+00:00', 'actual': '2023-11-29T01:59:00+00:00', 'estimated_runway': '2023-11-29T01:59:00+00:00', 'actual_runway': '2023-11-29T01:59:00+00:00'}","{'airport': 'Hong Kong International', 'timezone': 'Asia/Hong_Kong', 'iata': 'HKG', 'icao': 'VHHH', 'terminal': '1', 'gate': None, 'baggage': '15', 'delay': None, 'scheduled': '2023-11-29T05:55:00+00:00', 'estimated': '2023-11-29T05:55:00+00:00', 'actual': None, 'estimated_runway': None, 'actual_runway': None}","{'name': 'Hong Kong Express', 'iata': 'UO', 'icao': 'HKE'}","{'number': '629', 'iata': 'UO629', 'icao': 'HKE629', 'codeshared': None}",,
2023-11-29,active,"{'airport': 'Haneda Airport', 'timezone': 'Asia/Tokyo', 'iata': 'HND', 'icao': 'RJTT', 'terminal': '3', 'gate': '109', 'delay': 16, 'scheduled': '2023-11-29T01:40:00+00:00', 'estimated': '2023-11-29T01:40:00+00:00', 'actual': '2023-11-29T01:56:00+00:00', 'estimated_runway': '2023-11-29T01:56:00+00:00', 'actual_runway': '2023-11-29T01:56:00+00:00'}","{'airport': 'Ninoy Aquino International', 'timezone': 'Asia/Manila', 'iata': 'MNL', 'icao': 'RPLL', 'terminal': '1', 'gate': None, 'baggage': None, 'delay': None, 'scheduled': '2023-11-29T05:25:00+00:00', 'estimated': '2023-11-29T05:25:00+00:00', 'actual': None, 'estimated_runway': None, 'actual_runway': None}","{'name': 'Philippine Airlines', 'iata': 'PR', 'icao': 'PAL'}","{'number': '423', 'iata': 'PR423', 'icao': 'PAL423', 'codeshared': None}",,
2023-11-29,active,"{'airport': 'Haneda Airport', 'timezone': 'Asia/Tokyo', 'iata': 'HND', 'icao': 'RJTT', 'terminal': '3', 'gate': '112', 'delay': 18, 'scheduled': '2023-11-29T01:30:00+00:00', 'estimated': '2023-11-29T01:30:00+00:00', 'actual': '2023-11-29T01:47:00+00:00', 'estimated_runway': '2023-11-29T01:47:00+00:00', 'actual_runway': '2023-11-29T01:47:00+00:00'}","{'airport': 'Tan Son Nhat International', 'timezone': 'Asia/Ho_Chi_Minh', 'iata': 'SGN', 'icao': 'VVTS', 'terminal': '2', 'gate': None, 'baggage': None, 'delay': None, 'scheduled': '2023-11-29T05:50:00+00:00', 'estimated': '2023-11-29T05:50:00+00:00', 'actual': None, 'estimated_runway': None, 'actual_runway': None}","{'name': 'JAL', 'iata': 'JL', 'icao': 'JAL'}","{'number': '79', 'iata': 'JL79', 'icao': 'JAL79', 'codeshared': None}",,
2023-11-29,active,"{'airport': 'Wellington International', 'timezone': 'Pacific/Auckland', 'iata': 'WLG', 'icao': 'NZWN', 'terminal': None, 'gate': '46', 'delay': 21, 'scheduled': '2023-11-29T06:00:00+00:00', 'estimated': '2023-11-29T06:00:00+00:00', 'actual': '2023-11-29T06:20:00+00:00', 'estimated_runway': '2023-11-29T06:20:00+00:00', 'actual_runway': '2023-11-29T06:20:00+00:00'}","{'airport': 'Melbourne - Tullamarine Airport', 'timezone': 'Australia/Melbourne', 'iata': 'MEL', 'icao': 'YMML', 'terminal': '2', 'gate': '16B', 'baggage': None, 'delay': None, 'scheduled': '2023-11-29T08:05:00+00:00', 'estimated': '2023-11-29T08:05:00+00:00', 'actual': None, 'estimated_runway': None, 'actual_runway': None}","{'name': 'Air New Zealand', 'iata': 'NZ', 'icao': 'ANZ'}","{'number': '253', 'iata': 'NZ253', 'icao': 'ANZ253', 'codeshared': None}","{'registration': 'ZK-NHC', 'iata': 'A20N', 'icao': 'A20N', 'icao24': 'C827B1'}","{'updated': '2023-11-28T18:07:34+00:00', 'latitude': -41.3542, 'longitude': 168.188, 'altitude': 10066, 'direction': 271, 'speed_horizontal': 798.212, 'speed_vertical': 0, 'is_ground': False}"
2023-11-29,active,"{'airport': 'Singapore Changi', 'timezone': 'Asia/Singapore', 'iata': 'SIN', 'icao': 'WSSS', 'terminal': '3', 'gate': 'A11', 'delay': 21, 'scheduled': '2023-11-29T00:25:00+00:00', 'estimated': '2023-11-29T00:25:00+00:00', 'actual': '2023-11-29T00:45:00+00:00', 'estimated_runway': '2023-11-29T00:45:00+00:00', 'actual_runway': '2023-11-29T00:45:00+00:00'}","{'airport': 'Perth International', 'timezone': 'Australia/Perth', 'iata': 'PER', 'icao': 'YPPH', 'terminal': '1', 'gate': None, 'baggage': None, 'delay': None, 'scheduled': '2023-11-29T05:25:00+00:00', 'estimated': '2023-11-29T05:25:00+00:00', 'actual': None, 'estimated_runway': None, 'actual_runway': None}","{'name': 'Virgin Australia', 'iata': 'VA', 'icao': 'VOZ'}","{'number': '5525', 'iata': 'VA5525', 'icao': 'VOZ5525', 'codeshared': {'airline_name': 'singapore airlines', 'airline_iata': 'sq', 'airline_icao': 'sia', 'flight_number': '225', 'flight_iata': 'sq225', 'flight_icao': 'sia225'}}",,
2023-11-29,active,"{'airport': 'Haneda Airport', 'timezone': 'Asia/Tokyo', 'iata': 'HND', 'icao': 'RJTT', 'terminal': '3', 'gate': '113', 'delay': 26, 'scheduled': '2023-11-29T00:10:00+00:00', 'estimated': '2023-11-29T00:10:00+00:00', 'actual': '2023-11-29T00:35:00+00:00', 'estimated_runway': '2023-11-29T00:35:00+00:00', 'actual_runway': '2023-11-29T00:35:00+00:00'}","{'airport': 'Singapore Changi', 'timezone': 'Asia/Singapore', 'iata': 'SIN', 'icao': 'WSSS', 'terminal': '1', 'gate': None, 'baggage': None, 'delay': None, 'scheduled': '2023-11-29T06:45:00+00:00', 'estimated': '2023-11-29T06:45:00+00:00', 'actual': None, 'estimated_runway': None, 'actual_runway': None}","{'name': 'JAL', 'iata': 'JL', 'icao': 'JAL'}","{'number': '35', 'iata': 'JL35', 'icao': 'JAL35', 'codeshared': None}",,
2023-11-29,active,"{'airport': 'Soekarno-Hatta International', 'timezone': 'Asia/Jakarta', 'iata': 'CGK', 'icao': 'WIII', 'terminal': '2', 'gate': 'C22', 'delay': 26, 'scheduled': '2023-11-29T00:05:00+00:00', 'estimated': '2023-11-29T00:05:00+00:00', 'actual': '2023-11-29T00:31:00+00:00', 'estimated_runway': '2023-11-29T00:31:00+00:00', 'actual_runway': '2023-11-29T00:31:00+00:00'}","{'airport': 'Sentani', 'timezone': 'Asia/Jayapura', 'iata': 'DJJ', 'icao': 'WAJJ', 'terminal': 'D', 'gate': None, 'baggage': None, 'delay': 5, 'scheduled': '2023-11-29T07:25:00+00:00', 'estimated': '2023-11-29T07:25:00+00:00', 'actual': None, 'estimated_runway': None, 'actual_runway': None}","{'name': 'Batik Air', 'iata': 'ID', 'icao': 'BTK'}","{'number': '6180', 'iata': 'ID6180', 'icao': 'BTK6180', 'codeshared': None}","{'registration': 'PK-LZM', 'iata': 'B738', 'icao': 'B738', 'icao24': '8A080D'}","{'updated': '2023-11-28T19:28:09+00:00', 'latitude': -4.9111, 'longitude': 120.332, 'altitude': 10058.4, 'direction': 81, 'speed_horizontal': 837.104, 'speed_vertical': 0, 'is_ground': False}"
2023-11-29,active,"{'airport': 'Soekarno-Hatta International', 'timezone': 'Asia/Jakarta', 'iata': 'CGK', 'icao': 'WIII', 'terminal': '2', 'gate': 'C22', 'delay': 32, 'scheduled': '2023-11-29T00:05:00+00:00', 'estimated': '2023-11-29T00:05:00+00:00', 'actual': '2023-11-29T00:37:00+00:00', 'estimated_runway': '2023-11-29T00:37:00+00:00', 'actual_runway': '2023-11-29T00:37:00+00:00'}","{'airport': 'Jefman', 'timezone': 'Asia/Jayapura', 'iata': 'SOQ', 'icao': 'WASS', 'terminal': None, 'gate': None, 'baggage': None, 'delay': 7, 'scheduled': '2023-11-29T06:15:00+00:00', 'estimated': '2023-11-29T06:15:00+00:00', 'actual': None, 'estimated_runway': None, 'actual_runway': None}","{'name': 'Batik Air', 'iata': 'ID', 'icao': 'BTK'}","{'number': '7797', 'iata': 'ID7797', 'icao': 'BTK7797', 'codeshared': None}","{'registration': 'PK-LAF', 'iata': 'A320', 'icao': 'A320', 'icao24': '8A0490'}","{'updated': '2023-11-28T18:27:37+00:00', 'latitude': -6.2338, 'longitude': 112.051, 'altitude': 10668, 'direction': 82, 'speed_horizontal': 846.364, 'speed_vertical': 0, 'is_ground': False}"
2023-11-29,active,"{'airport': 'Tan Son Nhat International', 'timezone': 'Asia/Ho_Chi_Minh', 'iata': 'SGN', 'icao': 'VVTS', 'terminal': '2', 'gate': None, 'delay': 24, 'scheduled': '2023-11-29T01:20:00+00:00', 'estimated': '2023-11-29T01:20:00+00:00', 'actual': '2023-11-29T01:43:00+00:00', 'estimated_runway': '2023-11-29T01:43:00+00:00', 'actual_runway': '2023-11-29T01:43:00+00:00'}","{'airport': 'Kansai International', 'timezone': 'Asia/Tokyo', 'iata': 'KIX', 'icao': 'RJBB', 'terminal': '1', 'gate': '4', 'baggage': None, 'delay': 2, 'scheduled': '2023-11-29T08:30:00+00:00', 'estimated': '2023-11-29T08:30:00+00:00', 'actual': None, 'estimated_runway': None, 'actual_runway': None}","{'name': None, 'iata': 'H1', 'icao': 'H1'}","{'number': '4244', 'iata': 'H14244', 'icao': 'H14244', 'codeshared': {'airline_name': 'vietjet air', 'airline_iata': 'vj', 'airline_icao': 'vjc', 'flight_number': '828', 'flight_iata': 'vj828', 'flight_icao': 'vjc828'}}",,
2023-11-29,active,"{'airport': 'Tan Son Nhat International', 'timezone': 'Asia/Ho_Chi_Minh', 'iata': 'SGN', 'icao': 'VVTS', 'terminal': '2', 'gate': None, 'delay': 24, 'scheduled': '2023-11-29T01:20:00+00:00', 'estimated': '2023-11-29T01:20:00+00:00', 'actual': '2023-11-29T01:43:00+00:00', 'estimated_runway': '2023-11-29T01:43:00+00:00', 'actual_runway': '2023-11-29T01:43:00+00:00'}","{'airport': 'Kansai International', 'timezone': 'Asia/Tokyo', 'iata': 'KIX', 'icao': 'RJBB', 'terminal': '1', 'gate': '4', 'baggage': None, 'delay': 2, 'scheduled': '2023-11-29T08:30:00+00:00', 'estimated': '2023-11-29T08:30:00+00:00', 'actual': None, 'estimated_runway': None, 'actual_runway': None}","{'name': 'FlexFlight', 'iata': 'W2', 'icao': 'FXT'}","{'number': '4828', 'iata': 'W24828', 'icao': 'FXT4828', 'codeshared': {'airline_name': 'vietjet air', 'airline_iata': 'vj', 'airline_icao': 'vjc', 'flight_number': '828', 'flight_iata': 'vj828', 'flight_icao': 'vjc828'}}",,
2023-11-29,active,"{'airport': 'Kansai International', 'timezone': 'Asia/Tokyo', 'iata': 'KIX', 'icao': 'RJBB', 'terminal': '1', 'gate': '32', 'delay': 18, 'scheduled': '2023-11-29T00:45:00+00:00', 'estimated': '2023-11-29T00:45:00+00:00', 'actual': '2023-11-29T01:03:00+00:00', 'estimated_runway': '2023-11-29T01:03:00+00:00', 'actual_runway': '2023-11-29T01:03:00+00:00'}","{'airport': 'Suvarnabhumi International', 'timezone': 'Asia/Bangkok', 'iata': 'BKK', 'icao': 'VTBS', 'terminal': 'MAIN', 'gate': None, 'baggage': None, 'delay': None, 'scheduled': '2023-11-29T05:00:00+00:00', 'estimated': '2023-11-29T05:00:00+00:00', 'actual': None, 'estimated_runway': None, 'actual_runway': None}","{'name': 'SriLankan Airlines', 'iata': 'UL', 'icao': 'ALK'}","{'number': '3345', 'iata': 'UL3345', 'icao': 'ALK3345', 'codeshared': {'airline_name': 'jal', 'airline_iata': 'jl', 'airline_icao': 'jal', 'flight_number': '727', 'flight_iata': 'jl727', 'flight_icao': 'jal727'}}",,
2023-11-29,active,"{'airport': 'Singapore Changi', 'timezone': 'Asia/Singapore', 'iata': 'SIN', 'icao': 'WSSS', 'terminal': '3', 'gate': 'A11', 'delay': 21, 'scheduled': '2023-11-29T00:25:00+00:00', 'estimated': '2023-11-29T00:25:00+00:00', 'actual': '2023-11-29T00:45:00+00:00', 'estimated_runway': '2023-11-29T00:45:00+00:00', 'actual_runway': '2023-11-29T00:45:00+00:00'}","{'airport': 'Perth International', 'timezone': 'Australia/Perth', 'iata': 'PER', 'icao': 'YPPH', 'terminal': '1', 'gate': None, 'baggage': None, 'delay': None, 'scheduled': '2023-11-29T05:25:00+00:00', 'estimated': '2023-11-29T05:25:00+00:00', 'actual': None, 'estimated_runway': None, 'actual_runway': None}","{'name': 'United Airlines', 'iata': 'UA', 'icao': 'UAL'}","{'number': '7672', 'iata': 'UA7672', 'icao': 'UAL7672', 'codeshared': {'airline_name': 'singapore airlines', 'airline_iata': 'sq', 'airline_icao': 'sia', 'flight_number': '225', 'flight_iata': 'sq225', 'flight_icao': 'sia225'}}",,
2023-11-29,active,"{'airport': 'Singapore Changi', 'timezone': 'Asia/Singapore', 'iata': 'SIN', 'icao': 'WSSS', 'terminal': '3', 'gate': 'A11', 'delay': 21, 'scheduled': '2023-11-29T00:25:00+00:00', 'estimated': '2023-11-29T00:25:00+00:00', 'actual': '2023-11-29T00:45:00+00:00', 'estimated_runway': '2023-11-29T00:45:00+00:00', 'actual_runway': '2023-11-29T00:45:00+00:00'}","{'airport': 'Perth International', 'timezone': 'Australia/Perth', 'iata': 'PER', 'icao': 'YPPH', 'terminal': '1', 'gate': None, 'baggage': None, 'delay': None, 'scheduled': '2023-11-29T05:25:00+00:00', 'estimated': '2023-11-29T05:25:00+00:00', 'actual': None, 'estimated_runway': None, 'actual_runway': None}","{'name': 'Turkish Airlines', 'iata': 'TK', 'icao': 'THY'}","{'number': '9316', 'iata': 'TK9316', 'icao': 'THY9316', 'codeshared': {'airline_name': 'singapore airlines', 'airline_iata': 'sq', 'airline_icao': 'sia', 'flight_number': '225', 'flight_iata': 'sq225', 'flight_icao': 'sia225'}}",,
2023-11-29,active,"{'airport': 'Singapore Changi', 'timezone': 'Asia/Singapore', 'iata': 'SIN', 'icao': 'WSSS', 'terminal': '3', 'gate': 'A11', 'delay': 21, 'scheduled': '2023-11-29T00:25:00+00:00', 'estimated': '2023-11-29T00:25:00+00:00', 'actual': '2023-11-29T00:45:00+00:00', 'estimated_runway': '2023-11-29T00:45:00+00:00', 'actual_runway': '2023-11-29T00:45:00+00:00'}","{'airport': 'Perth International', 'timezone': 'Australia/Perth', 'iata': 'PER', 'icao': 'YPPH', 'terminal': '1', 'gate': None, 'baggage': None, 'delay': None, 'scheduled': '2023-11-29T05:25:00+00:00', 'estimated': '2023-11-29T05:25:00+00:00', 'actual': None, 'estimated_runway': None, 'actual_runway': None}","{'name': 'SAS', 'iata': 'SK', 'icao': 'SAS'}","{'number': '8071', 'iata': 'SK8071', 'icao': 'SAS8071', 'codeshared': {'airline_name': 'singapore airlines', 'airline_iata': 'sq', 'airline_icao': 'sia', 'flight_number': '225', 'flight_iata': 'sq225', 'flight_icao': 'sia225'}}",,
2023-11-29,active,"{'airport': 'Singapore Changi', 'timezone': 'Asia/Singapore', 'iata': 'SIN', 'icao': 'WSSS', 'terminal': '3', 'gate': 'A11', 'delay': 21, 'scheduled': '2023-11-29T00:25:00+00:00', 'estimated': '2023-11-29T00:25:00+00:00', 'actual': '2023-11-29T00:45:00+00:00', 'estimated_runway': '2023-11-29T00:45:00+00:00', 'actual_runway': '2023-11-29T00:45:00+00:00'}","{'airport': 'Perth International', 'timezone': 'Australia/Perth', 'iata': 'PER', 'icao': 'YPPH', 'terminal': '1', 'gate': None, 'baggage': None, 'delay': None, 'scheduled': '2023-11-29T05:25:00+00:00', 'estimated': '2023-11-29T05:25:00+00:00', 'actual': None, 'estimated_runway': None, 'actual_runway': None}","{'name': 'Asiana Airlines', 'iata': 'OZ', 'icao': 'AAR'}","{'number': '6797', 'iata': 'OZ6797', 'icao': 'AAR6797', 'codeshared': {'airline_name': 'singapore airlines', 'airline_iata': 'sq', 'airline_icao': 'sia', 'flight_number': '225', 'flight_iata': 'sq225', 'flight_icao': 'sia225'}}",,
2023-11-29,active,"{'airport': 'Singapore Changi', 'timezone': 'Asia/Singapore', 'iata': 'SIN', 'icao': 'WSSS', 'terminal': '3', 'gate': 'A11', 'delay': 21, 'scheduled': '2023-11-29T00:25:00+00:00', 'estimated': '2023-11-29T00:25:00+00:00', 'actual': '2023-11-29T00:45:00+00:00', 'estimated_runway': '2023-11-29T00:45:00+00:00', 'actual_runway': '2023-11-29T00:45:00+00:00'}","{'airport': 'Perth International', 'timezone': 'Australia/Perth', 'iata': 'PER', 'icao': 'YPPH', 'terminal': '1', 'gate': None, 'baggage': None, 'delay': None, 'scheduled': '2023-11-29T05:25:00+00:00', 'estimated': '2023-11-29T05:25:00+00:00', 'actual': None, 'estimated_runway': None, 'actual_runway': None}","{'name': 'SWISS', 'iata': 'LX', 'icao': 'SWR'}","{'number': '9042', 'iata': 'LX9042', 'icao': 'SWR9042', 'codeshared': {'airline_name': 'singapore airlines', 'airline_iata': 'sq', 'airline_icao': 'sia', 'flight_number': '225', 'flight_iata': 'sq225', 'flight_icao': 'sia225'}}",,
2023-11-29,active,"{'airport': 'Singapore Changi', 'timezone': 'Asia/Singapore', 'iata': 'SIN', 'icao': 'WSSS', 'terminal': '3', 'gate': 'A11', 'delay': 21, 'scheduled': '2023-11-29T00:25:00+00:00', 'estimated': '2023-11-29T00:25:00+00:00', 'actual': '2023-11-29T00:45:00+00:00', 'estimated_runway': '2023-11-29T00:45:00+00:00', 'actual_runway': '2023-11-29T00:45:00+00:00'}","{'airport': 'Perth International', 'timezone': 'Australia/Perth', 'iata': 'PER', 'icao': 'YPPH', 'terminal': '1', 'gate': None, 'baggage': None, 'delay': None, 'scheduled': '2023-11-29T05:25:00+00:00', 'estimated': '2023-11-29T05:25:00+00:00', 'actual': None, 'estimated_runway': None, 'actual_runway': None}","{'name': 'Lufthansa', 'iata': 'LH', 'icao': 'DLH'}","{'number': '7206', 'iata': 'LH7206', 'icao': 'DLH7206', 'codeshared': {'airline_name': 'singapore airlines', 'airline_iata': 'sq', 'airline_icao': 'sia', 'flight_number': '225', 'flight_iata': 'sq225', 'flight_icao': 'sia225'}}",,
2023-11-29,active,"{'airport': 'Seoul (Incheon)', 'timezone': 'Asia/Seoul', 'iata': 'ICN', 'icao': 'RKSI', 'terminal': '1', 'gate': '110', 'delay': 5, 'scheduled': '2023-11-29T01:10:00+00:00', 'estimated': '2023-11-29T01:10:00+00:00', 'actual': '2023-11-29T01:14:00+00:00', 'estimated_runway': '2023-11-29T01:14:00+00:00', 'actual_runway': '2023-11-29T01:14:00+00:00'}","{'airport': 'Can Tho', 'timezone': 'Asia/Ho_Chi_Minh', 'iata': 'VCA', 'icao': 'VVCT', 'terminal': 'T1', 'gate': None, 'baggage': None, 'delay': None, 'scheduled': '2023-11-29T05:00:00+00:00', 'estimated': '2023-11-29T05:00:00+00:00', 'actual': None, 'estimated_runway': None, 'actual_runway': None}","{'name': None, 'iata': 'A1', 'icao': 'A1'}","{'number': '2955', 'iata': 'A12955', 'icao': 'A12955', 'codeshared': {'airline_name': 'vietjet air', 'airline_iata': 'vj', 'airline_icao': 'vjc', 'flight_number': '955', 'flight_iata': 'vj955', 'flight_icao': 'vjc955'}}",,
2023-11-29,active,"{'airport': 'Melbourne - Tullamarine Airport', 'timezone': 'Australia/Melbourne', 'iata': 'MEL', 'icao': 'YMML', 'terminal': '2', 'gate': '18', 'delay': 3, 'scheduled': '2023-11-29T01:00:00+00:00', 'estimated': '2023-11-29T01:00:00+00:00', 'actual': '2023-11-29T01:03:00+00:00', 'estimated_runway': '2023-11-29T01:03:00+00:00', 'actual_runway': '2023-11-29T01:03:00+00:00'}","{'airport': 'Hong Kong International', 'timezone': 'Asia/Hong_Kong', 'iata': 'HKG', 'icao': 'VHHH', 'terminal': '1', 'gate': None, 'baggage': None, 'delay': None, 'scheduled': '2023-11-29T06:55:00+00:00', 'estimated': '2023-11-29T06:55:00+00:00', 'actual': None, 'estimated_runway': None, 'actual_runway': None}","{'name': 'Finnair', 'iata': 'AY', 'icao': 'FIN'}","{'number': '5844', 'iata': 'AY5844', 'icao': 'FIN5844', 'codeshared': {'airline_name': 'cathay pacific', 'airline_iata': 'cx', 'airline_icao': 'cpa', 'flight_number': '178', 'flight_iata': 'cx178', 'flight_icao': 'cpa178'}}",,
2023-11-29,active,"{'airport': 'Melbourne - Tullamarine Airport', 'timezone': 'Australia/Melbourne', 'iata': 'MEL', 'icao': 'YMML', 'terminal': '2', 'gate': '18', 'delay': 3, 'scheduled': '2023-11-29T01:00:00+00:00', 'estimated': '2023-11-29T01:00:00+00:00', 'actual': '2023-11-29T01:03:00+00:00', 'estimated_runway': '2023-11-29T01:03:00+00:00', 'actual_runway': '2023-11-29T01:03:00+00:00'}","{'airport': 'Hong Kong International', 'timezone': 'Asia/Hong_Kong', 'iata': 'HKG', 'icao': 'VHHH', 'terminal': '1', 'gate': None, 'baggage': None, 'delay': None, 'scheduled': '2023-11-29T06:55:00+00:00', 'estimated': '2023-11-29T06:55:00+00:00', 'actual': None, 'estimated_runway': None, 'actual_runway': None}","{'name': 'British Airways', 'iata': 'BA', 'icao': 'BAW'}","{'number': '4140', 'iata': 'BA4140', 'icao': 'BAW4140', 'codeshared': {'airline_name': 'cathay pacific', 'airline_iata': 'cx', 'airline_icao': 'cpa', 'flight_number': '178', 'flight_iata': 'cx178', 'flight_icao': 'cpa178'}}",,
2023-11-29,active,"{'airport': 'Melbourne - Tullamarine Airport', 'timezone': 'Australia/Melbourne', 'iata': 'MEL', 'icao': 'YMML', 'terminal': '2', 'gate': '18', 'delay': 3, 'scheduled': '2023-11-29T01:00:00+00:00', 'estimated': '2023-11-29T01:00:00+00:00', 'actual': '2023-11-29T01:03:00+00:00', 'estimated_runway': '2023-11-29T01:03:00+00:00', 'actual_runway': '2023-11-29T01:03:00+00:00'}","{'airport': 'Hong Kong International', 'timezone': 'Asia/Hong_Kong', 'iata': 'HKG', 'icao': 'VHHH', 'terminal': '1', 'gate': None, 'baggage': None, 'delay': None, 'scheduled': '2023-11-29T06:55:00+00:00', 'estimated': '2023-11-29T06:55:00+00:00', 'actual': None, 'estimated_runway': None, 'actual_runway': None}","{'name': 'Qatar Airways', 'iata': 'QR', 'icao': 'QTR'}","{'number': '3488', 'iata': 'QR3488', 'icao': 'QTR3488', 'codeshared': {'airline_name': 'cathay pacific', 'airline_iata': 'cx', 'airline_icao': 'cpa', 'flight_number': '178', 'flight_iata': 'cx178', 'flight_icao': 'cpa178'}}",,
2023-11-29,active,"{'airport': 'Melbourne - Tullamarine Airport', 'timezone': 'Australia/Melbourne', 'iata': 'MEL', 'icao': 'YMML', 'terminal': '2', 'gate': '18', 'delay': 3, 'scheduled': '2023-11-29T01:00:00+00:00', 'estimated': '2023-11-29T01:00:00+00:00', 'actual': '2023-11-29T01:03:00+00:00', 'estimated_runway': '2023-11-29T01:03:00+00:00', 'actual_runway': '2023-11-29T01:03:00+00:00'}","{'airport': 'Hong Kong International', 'timezone': 'Asia/Hong_Kong', 'iata': 'HKG', 'icao': 'VHHH', 'terminal': '1', 'gate': None, 'baggage': None, 'delay': None, 'scheduled': '2023-11-29T06:55:00+00:00', 'estimated': '2023-11-29T06:55:00+00:00', 'actual': None, 'estimated_runway': None, 'actual_runway': None}","{'name': 'Miat - Mongolian Airlines', 'iata': 'OM', 'icao': 'MGL'}","{'number': '5612', 'iata': 'OM5612', 'icao': 'MGL5612', 'codeshared': {'airline_name': 'cathay pacific', 'airline_iata': 'cx', 'airline_icao': 'cpa', 'flight_number': '178', 'flight_iata': 'cx178', 'flight_icao': 'cpa178'}}",,
2023-11-29,active,"{'airport': 'Melbourne - Tullamarine Airport', 'timezone': 'Australia/Melbourne', 'iata': 'MEL', 'icao': 'YMML', 'terminal': '2', 'gate': '5', 'delay': 27, 'scheduled': '2023-11-29T01:30:00+00:00', 'estimated': '2023-11-29T01:30:00+00:00', 'actual': '2023-11-29T01:56:00+00:00', 'estimated_runway': '2023-11-29T01:56:00+00:00', 'actual_runway': '2023-11-29T01:56:00+00:00'}","{'airport': 'Tan Son Nhat International', 'timezone': 'Asia/Ho_Chi_Minh', 'iata': 'SGN', 'icao': 'VVTS', 'terminal': '2', 'gate': None, 'baggage': None, 'delay': 4, 'scheduled': '2023-11-29T06:20:00+00:00', 'estimated': '2023-11-29T06:20:00+00:00', 'actual': None, 'estimated_runway': None, 'actual_runway': None}","{'name': None, 'iata': 'A1', 'icao': 'A1'}","{'number': '5001', 'iata': 'A15001', 'icao': 'A15001', 'codeshared': {'airline_name': 'vietjet air', 'airline_iata': 'vj', 'airline_icao': 'vjc', 'flight_number': '82', 'flight_iata': 'vj82', 'flight_icao': 'vjc82'}}",,
2023-11-29,active,"{'airport': 'Melbourne - Tullamarine Airport', 'timezone': 'Australia/Melbourne', 'iata': 'MEL', 'icao': 'YMML', 'terminal': '2', 'gate': '5', 'delay': 27, 'scheduled': '2023-11-29T01:30:00+00:00', 'estimated': '2023-11-29T01:30:00+00:00', 'actual': '2023-11-29T01:56:00+00:00', 'estimated_runway': '2023-11-29T01:56:00+00:00', 'actual_runway': '2023-11-29T01:56:00+00:00'}","{'airport': 'Tan Son Nhat International', 'timezone': 'Asia/Ho_Chi_Minh', 'iata': 'SGN', 'icao': 'VVTS', 'terminal': '2', 'gate': None, 'baggage': None, 'delay': 4, 'scheduled': '2023-11-29T06:20:00+00:00', 'estimated': '2023-11-29T06:20:00+00:00', 'actual': None, 'estimated_runway': None, 'actual_runway': None}","{'name': 'FlexFlight', 'iata': 'W2', 'icao': 'FXT'}","{'number': '4082', 'iata': 'W24082', 'icao': 'FXT4082', 'codeshared': {'airline_name': 'vietjet air', 'airline_iata': 'vj', 'airline_icao': 'vjc', 'flight_number': '82', 'flight_iata': 'vj82', 'flight_icao': 'vjc82'}}",,
2023-11-29,active,"{'airport': 'Melbourne - Tullamarine Airport', 'timezone': 'Australia/Melbourne', 'iata': 'MEL', 'icao': 'YMML', 'terminal': '2', 'gate': '5', 'delay': 27, 'scheduled': '2023-11-29T01:30:00+00:00', 'estimated': '2023-11-29T01:30:00+00:00', 'actual': '2023-11-29T01:56:00+00:00', 'estimated_runway': '2023-11-29T01:56:00+00:00', 'actual_runway': '2023-11-29T01:56:00+00:00'}","{'airport': 'Tan Son Nhat International', 'timezone': 'Asia/Ho_Chi_Minh', 'iata': 'SGN', 'icao': 'VVTS', 'terminal': '2', 'gate': None, 'baggage': None, 'delay': 4, 'scheduled': '2023-11-29T06:20:00+00:00', 'estimated': '2023-11-29T06:20:00+00:00', 'actual': None, 'estimated_runway': None, 'actual_runway': None}","{'name': None, 'iata': 'H1', 'icao': 'H1'}","{'number': '4106', 'iata': 'H14106', 'icao': 'H14106', 'codeshared': {'airline_name': 'vietjet air', 'airline_iata': 'vj', 'airline_icao': 'vjc', 'flight_number': '82', 'flight_iata': 'vj82', 'flight_icao': 'vjc82'}}",,
2023-11-29,active,"{'airport': 'Melbourne - Tullamarine Airport', 'timezone': 'Australia/Melbourne', 'iata': 'MEL', 'icao': 'YMML', 'terminal': '2', 'gate': '14A', 'delay': 1, 'scheduled': '2023-11-29T00:35:00+00:00', 'estimated': '2023-11-29T00:35:00+00:00', 'actual': '2023-11-29T00:36:00+00:00', 'estimated_runway': '2023-11-29T00:36:00+00:00', 'actual_runway': '2023-11-29T00:36:00+00:00'}","{'airport': 'Singapore Changi', 'timezone': 'Asia/Singapore', 'iata': 'SIN', 'icao': 'WSSS', 'terminal': '3', 'gate': None, 'baggage': '47', 'delay': 1, 'scheduled': '2023-11-29T05:15:00+00:00', 'estimated': '2023-11-29T05:15:00+00:00', 'actual': None, 'estimated_runway': None, 'actual_runway': None}","{'name': 'Virgin Australia', 'iata': 'VA', 'icao': 'VOZ'}","{'number': '5518', 'iata': 'VA5518', 'icao': 'VOZ5518', 'codeshared': {'airline_name': 'singapore airlines', 'airline_iata': 'sq', 'airline_icao': 'sia', 'flight_number': '218', 'flight_iata': 'sq218', 'flight_icao': 'sia218'}}",,
2023-11-29,active,"{'airport': 'Melbourne - Tullamarine Airport', 'timezone': 'Australia/Melbourne', 'iata': 'MEL', 'icao': 'YMML', 'terminal': '2', 'gate': '14A', 'delay': 1, 'scheduled': '2023-11-29T00:35:00+00:00', 'estimated': '2023-11-29T00:35:00+00:00', 'actual': '2023-11-29T00:36:00+00:00', 'estimated_runway': '2023-11-29T00:36:00+00:00', 'actual_runway': '2023-11-29T00:36:00+00:00'}","{'airport': 'Singapore Changi', 'timezone': 'Asia/Singapore', 'iata': 'SIN', 'icao': 'WSSS', 'terminal': '3', 'gate': None, 'baggage': '47', 'delay': 1, 'scheduled': '2023-11-29T05:15:00+00:00', 'estimated': '2023-11-29T05:15:00+00:00', 'actual': None, 'estimated_runway': None, 'actual_runway': None}","{'name': 'Vistara', 'iata': 'UK', 'icao': 'VTI'}","{'number': '8218', 'iata': 'UK8218', 'icao': 'VTI8218', 'codeshared': {'airline_name': 'singapore airlines', 'airline_iata': 'sq', 'airline_icao': 'sia', 'flight_number': '218', 'flight_iata': 'sq218', 'flight_icao': 'sia218'}}",,
2023-11-29,active,"{'airport': 'Melbourne - Tullamarine Airport', 'timezone': 'Australia/Melbourne', 'iata': 'MEL', 'icao': 'YMML', 'terminal': '2', 'gate': '14A', 'delay': 1, 'scheduled': '2023-11-29T00:35:00+00:00', 'estimated': '2023-11-29T00:35:00+00:00', 'actual': '2023-11-29T00:36:00+00:00', 'estimated_runway': '2023-11-29T00:36:00+00:00', 'actual_runway': '2023-11-29T00:36:00+00:00'}","{'airport': 'Singapore Changi', 'timezone': 'Asia/Singapore', 'iata': 'SIN', 'icao': 'WSSS', 'terminal': '3', 'gate': None, 'baggage': '47', 'delay': 1, 'scheduled': '2023-11-29T05:15:00+00:00', 'estimated': '2023-11-29T05:15:00+00:00', 'actual': None, 'estimated_runway': None, 'actual_runway': None}","{'name': 'Turkish Airlines', 'iata': 'TK', 'icao': 'THY'}","{'number': '9311', 'iata': 'TK9311', 'icao': 'THY9311', 'codeshared': {'airline_name': 'singapore airlines', 'airline_iata': 'sq', 'airline_icao': 'sia', 'flight_number': '218', 'flight_iata': 'sq218', 'flight_icao': 'sia218'}}",,
2023-11-29,active,"{'airport': 'Melbourne - Tullamarine Airport', 'timezone': 'Australia/Melbourne', 'iata': 'MEL', 'icao': 'YMML', 'terminal': '2', 'gate': '14A', 'delay': 1, 'scheduled': '2023-11-29T00:35:00+00:00', 'estimated': '2023-11-29T00:35:00+00:00', 'actual': '2023-11-29T00:36:00+00:00', 'estimated_runway': '2023-11-29T00:36:00+00:00', 'actual_runway': '2023-11-29T00:36:00+00:00'}","{'airport': 'Singapore Changi', 'timezone': 'Asia/Singapore', 'iata': 'SIN', 'icao': 'WSSS', 'terminal': '3', 'gate': None, 'baggage': '47', 'delay': 1, 'scheduled': '2023-11-29T05:15:00+00:00', 'estimated': '2023-11-29T05:15:00+00:00', 'actual': None, 'estimated_runway': None, 'actual_runway': None}","{'name': 'SAS', 'iata': 'SK', 'icao': 'SAS'}","{'number': '8068', 'iata': 'SK8068', 'icao': 'SAS8068', 'codeshared': {'airline_name': 'singapore airlines', 'airline_iata': 'sq', 'airline_icao': 'sia', 'flight_number': '218', 'flight_iata': 'sq218', 'flight_icao': 'sia218'}}",,
2023-11-29,active,"{'airport': 'Melbourne - Tullamarine Airport', 'timezone': 'Australia/Melbourne', 'iata': 'MEL', 'icao': 'YMML', 'terminal': '2', 'gate': '14A', 'delay': 1, 'scheduled': '2023-11-29T00:35:00+00:00', 'estimated': '2023-11-29T00:35:00+00:00', 'actual': '2023-11-29T00:36:00+00:00', 'estimated_runway': '2023-11-29T00:36:00+00:00', 'actual_runway': '2023-11-29T00:36:00+00:00'}","{'airport': 'Singapore Changi', 'timezone': 'Asia/Singapore', 'iata': 'SIN', 'icao': 'WSSS', 'terminal': '3', 'gate': None, 'baggage': '47', 'delay': 1, 'scheduled': '2023-11-29T05:15:00+00:00', 'estimated': '2023-11-29T05:15:00+00:00', 'actual': None, 'estimated_runway': None, 'actual_runway': None}","{'name': 'ANA', 'iata': 'NH', 'icao': 'ANA'}","{'number': '5485', 'iata': 'NH5485', 'icao': 'ANA5485', 'codeshared': {'airline_name': 'singapore airlines', 'airline_iata': 'sq', 'airline_icao': 'sia', 'flight_number': '218', 'flight_iata': 'sq218', 'flight_icao': 'sia218'}}",,
2023-11-29,active,"{'airport': 'Melbourne - Tullamarine Airport', 'timezone': 'Australia/Melbourne', 'iata': 'MEL', 'icao': 'YMML', 'terminal': '2', 'gate': '14A', 'delay': 1, 'scheduled': '2023-11-29T00:35:00+00:00', 'estimated': '2023-11-29T00:35:00+00:00', 'actual': '2023-11-29T00:36:00+00:00', 'estimated_runway': '2023-11-29T00:36:00+00:00', 'actual_runway': '2023-11-29T00:36:00+00:00'}","{'airport': 'Singapore Changi', 'timezone': 'Asia/Singapore', 'iata': 'SIN', 'icao': 'WSSS', 'terminal': '3', 'gate': None, 'baggage': '47', 'delay': 1, 'scheduled': '2023-11-29T05:15:00+00:00', 'estimated': '2023-11-29T05:15:00+00:00', 'actual': None, 'estimated_runway': None, 'actual_runway': None}","{'name': 'SWISS', 'iata': 'LX', 'icao': 'SWR'}","{'number': '9057', 'iata': 'LX9057', 'icao': 'SWR9057', 'codeshared': {'airline_name': 'singapore airlines', 'airline_iata': 'sq', 'airline_icao': 'sia', 'flight_number': '218', 'flight_iata': 'sq218', 'flight_icao': 'sia218'}}",,
2023-11-29,active,"{'airport': 'Melbourne - Tullamarine Airport', 'timezone': 'Australia/Melbourne', 'iata': 'MEL', 'icao': 'YMML', 'terminal': '2', 'gate': '14A', 'delay': 1, 'scheduled': '2023-11-29T00:35:00+00:00', 'estimated': '2023-11-29T00:35:00+00:00', 'actual': '2023-11-29T00:36:00+00:00', 'estimated_runway': '2023-11-29T00:36:00+00:00', 'actual_runway': '2023-11-29T00:36:00+00:00'}","{'airport': 'Singapore Changi', 'timezone': 'Asia/Singapore', 'iata': 'SIN', 'icao': 'WSSS', 'terminal': '3', 'gate': None, 'baggage': '47', 'delay': 1, 'scheduled': '2023-11-29T05:15:00+00:00', 'estimated': '2023-11-29T05:15:00+00:00', 'actual': None, 'estimated_runway': None, 'actual_runway': None}","{'name': 'Lufthansa', 'iata': 'LH', 'icao': 'DLH'}","{'number': '9777', 'iata': 'LH9777', 'icao': 'DLH9777', 'codeshared': {'airline_name': 'singapore airlines', 'airline_iata': 'sq', 'airline_icao': 'sia', 'flight_number': '218', 'flight_iata': 'sq218', 'flight_icao': 'sia218'}}",,
2023-11-29,active,"{'airport': 'Melbourne - Tullamarine Airport', 'timezone': 'Australia/Melbourne', 'iata': 'MEL', 'icao': 'YMML', 'terminal': '2', 'gate': '14A', 'delay': 1, 'scheduled': '2023-11-29T00:35:00+00:00', 'estimated': '2023-11-29T00:35:00+00:00', 'actual': '2023-11-29T00:36:00+00:00', 'estimated_runway': '2023-11-29T00:36:00+00:00', 'actual_runway': '2023-11-29T00:36:00+00:00'}","{'airport': 'Singapore Changi', 'timezone': 'Asia/Singapore', 'iata': 'SIN', 'icao': 'WSSS', 'terminal': '3', 'gate': None, 'baggage': '47', 'delay': 1, 'scheduled': '2023-11-29T05:15:00+00:00', 'estimated': '2023-11-29T05:15:00+00:00', 'actual': None, 'estimated_runway': None, 'actual_runway': None}","{'name': 'Air France', 'iata': 'AF', 'icao': 'AFR'}","{'number': '3917', 'iata': 'AF3917', 'icao': 'AFR3917', 'codeshared': {'airline_name': 'singapore airlines', 'airline_iata': 'sq', 'airline_icao': 'sia', 'flight_number': '218', 'flight_iata': 'sq218', 'flight_icao': 'sia218'}}",,
2023-11-29,active,"{'airport': 'Melbourne - Tullamarine Airport', 'timezone': 'Australia/Melbourne', 'iata': 'MEL', 'icao': 'YMML', 'terminal': '2', 'gate': '4', 'delay': 26, 'scheduled': '2023-11-29T00:30:00+00:00', 'estimated': '2023-11-29T00:30:00+00:00', 'actual': '2023-11-29T00:55:00+00:00', 'estimated_runway': '2023-11-29T00:55:00+00:00', 'actual_runway': '2023-11-29T00:55:00+00:00'}","{'airport': 'Suvarnabhumi International', 'timezone': 'Asia/Bangkok', 'iata': 'BKK', 'icao': 'VTBS', 'terminal': 'MAIN', 'gate': None, 'baggage': None, 'delay': 7, 'scheduled': '2023-11-29T05:40:00+00:00', 'estimated': '2023-11-29T05:40:00+00:00', 'actual': None, 'estimated_runway': None, 'actual_runway': None}","{'name': 'Turkish Airlines', 'iata': 'TK', 'icao': 'THY'}","{'number': '8005', 'iata': 'TK8005', 'icao': 'THY8005', 'codeshared': {'airline_name': 'thai airways international', 'airline_iata': 'tg', 'airline_icao': 'tha', 'flight_number': '462', 'flight_iata': 'tg462', 'flight_icao': 'tha462'}}",,
2023-11-29,active,"{'airport': 'Melbourne - Tullamarine Airport', 'timezone': 'Australia/Melbourne', 'iata': 'MEL', 'icao': 'YMML', 'terminal': None, 'gate': None, 'delay': 37, 'scheduled': '2023-11-29T02:40:00+00:00', 'estimated': '2023-11-29T02:40:00+00:00', 'actual': '2023-11-29T03:16:00+00:00', 'estimated_runway': '2023-11-29T03:16:00+00:00', 'actual_runway': '2023-11-29T03:16:00+00:00'}","{'airport': 'Perth International', 'timezone': 'Australia/Perth', 'iata': 'PER', 'icao': 'YPPH', 'terminal': '1', 'gate': None, 'baggage': None, 'delay': None, 'scheduled': '2023-11-29T03:55:00+00:00', 'estimated': '2023-11-29T03:55:00+00:00', 'actual': None, 'estimated_runway': None, 'actual_runway': None}","{'name': 'Qantas', 'iata': 'QF', 'icao': 'QFA'}","{'number': '7359', 'iata': 'QF7359', 'icao': 'QFA7359', 'codeshared': None}",,
2023-11-29,active,"{'airport': 'Haneda Airport', 'timezone': 'Asia/Tokyo', 'iata': 'HND', 'icao': 'RJTT', 'terminal': '3', 'gate': '114', 'delay': 15, 'scheduled': '2023-11-29T02:30:00+00:00', 'estimated': '2023-11-29T02:30:00+00:00', 'actual': '2023-11-29T02:44:00+00:00', 'estimated_runway': '2023-11-29T02:44:00+00:00', 'actual_runway': '2023-11-29T02:44:00+00:00'}","{'airport': 'Tan Son Nhat International', 'timezone': 'Asia/Ho_Chi_Minh', 'iata': 'SGN', 'icao': 'VVTS', 'terminal': '2', 'gate': None, 'baggage': None, 'delay': None, 'scheduled': '2023-11-29T07:20:00+00:00', 'estimated': '2023-11-29T07:20:00+00:00', 'actual': None, 'estimated_runway': None, 'actual_runway': None}","{'name': None, 'iata': 'A1', 'icao': 'A1'}","{'number': '2821', 'iata': 'A12821', 'icao': 'A12821', 'codeshared': {'airline_name': 'vietjet air', 'airline_iata': 'vj', 'airline_icao': 'vjc', 'flight_number': '821', 'flight_iata': 'vj821', 'flight_icao': 'vjc821'}}",,
2023-11-29,active,"{'airport': 'Haneda Airport', 'timezone': 'Asia/Tokyo', 'iata': 'HND', 'icao': 'RJTT', 'terminal': '3', 'gate': '114', 'delay': 15, 'scheduled': '2023-11-29T02:30:00+00:00', 'estimated': '2023-11-29T02:30:00+00:00', 'actual': '2023-11-29T02:44:00+00:00', 'estimated_runway': '2023-11-29T02:44:00+00:00', 'actual_runway': '2023-11-29T02:44:00+00:00'}","{'airport': 'Tan Son Nhat International', 'timezone': 'Asia/Ho_Chi_Minh', 'iata': 'SGN', 'icao': 'VVTS', 'terminal': '2', 'gate': None, 'baggage': None, 'delay': None, 'scheduled': '2023-11-29T07:20:00+00:00', 'estimated': '2023-11-29T07:20:00+00:00', 'actual': None, 'estimated_runway': None, 'actual_runway': None}","{'name': None, 'iata': 'H1', 'icao': 'H1'}","{'number': '4012', 'iata': 'H14012', 'icao': 'H14012', 'codeshared': {'airline_name': 'vietjet air', 'airline_iata': 'vj', 'airline_icao': 'vjc', 'flight_number': '821', 'flight_iata': 'vj821', 'flight_icao': 'vjc821'}}",,
2023-11-29,active,"{'airport': 'Haneda Airport', 'timezone': 'Asia/Tokyo', 'iata': 'HND', 'icao': 'RJTT', 'terminal': '3', 'gate': '114', 'delay': 15, 'scheduled': '2023-11-29T02:30:00+00:00', 'estimated': '2023-11-29T02:30:00+00:00', 'actual': '2023-11-29T02:44:00+00:00', 'estimated_runway': '2023-11-29T02:44:00+00:00', 'actual_runway': '2023-11-29T02:44:00+00:00'}","{'airport': 'Tan Son Nhat International', 'timezone': 'Asia/Ho_Chi_Minh', 'iata': 'SGN', 'icao': 'VVTS', 'terminal': '2', 'gate': None, 'baggage': None, 'delay': None, 'scheduled': '2023-11-29T07:20:00+00:00', 'estimated': '2023-11-29T07:20:00+00:00', 'actual': None, 'estimated_runway': None, 'actual_runway': None}","{'name': 'FlexFlight', 'iata': 'W2', 'icao': 'FXT'}","{'number': '4821', 'iata': 'W24821', 'icao': 'FXT4821', 'codeshared': {'airline_name': 'vietjet air', 'airline_iata': 'vj', 'airline_icao': 'vjc', 'flight_number': '821', 'flight_iata': 'vj821', 'flight_icao': 'vjc821'}}",,
2023-11-29,active,"{'airport': 'Ngurah Rai International', 'timezone': 'Asia/Makassar', 'iata': 'DPS', 'icao': 'WADD', 'terminal': 'I', 'gate': '8', 'delay': 4, 'scheduled': '2023-11-29T00:30:00+00:00', 'estimated': '2023-11-29T00:30:00+00:00', 'actual': '2023-11-29T00:33:00+00:00', 'estimated_runway': '2023-11-29T00:33:00+00:00', 'actual_runway': '2023-11-29T00:33:00+00:00'}","{'airport': 'Guangzhou Baiyun International', 'timezone': 'Asia/Shanghai', 'iata': 'CAN', 'icao': 'ZGGG', 'terminal': '2', 'gate': None, 'baggage': '45', 'delay': None, 'scheduled': '2023-11-29T05:35:00+00:00', 'estimated': '2023-11-29T05:35:00+00:00', 'actual': None, 'estimated_runway': None, 'actual_runway': None}","{'name': 'China Southern Airlines', 'iata': 'CZ', 'icao': 'CSN'}","{'number': '626', 'iata': 'CZ626', 'icao': 'CSN626', 'codeshared': None}","{'registration': 'B-30EW', 'iata': 'A21N', 'icao': 'A21N', 'icao24': '781936'}","{'updated': '2023-11-28T18:09:50+00:00', 'latitude': 2.5986, 'longitude': 115.54, 'altitude': 10058.4, 'direction': 9, 'speed_horizontal': 846.364, 'speed_vertical': 0, 'is_ground': False}"
2023-11-29,active,"{'airport': 'Ngurah Rai International', 'timezone': 'Asia/Makassar', 'iata': 'DPS', 'icao': 'WADD', 'terminal': 'I', 'gate': None, 'delay': 5, 'scheduled': '2023-11-29T01:00:00+00:00', 'estimated': '2023-11-29T01:00:00+00:00', 'actual': '2023-11-29T01:05:00+00:00', 'estimated_runway': '2023-11-29T01:05:00+00:00', 'actual_runway': '2023-11-29T01:05:00+00:00'}","{'airport': 'Ninoy Aquino International', 'timezone': 'Asia/Manila', 'iata': 'MNL', 'icao': 'RPLL', 'terminal': '1', 'gate': None, 'baggage': None, 'delay': None, 'scheduled': '2023-11-29T04:55:00+00:00', 'estimated': '2023-11-29T04:55:00+00:00', 'actual': None, 'estimated_runway': None, 'actual_runway': None}","{'name': 'Garuda Indonesia', 'iata': 'GA', 'icao': 'GIA'}","{'number': '9139', 'iata': 'GA9139', 'icao': 'GIA9139', 'codeshared': {'airline_name': 'philippine airlines', 'airline_iata': 'pr', 'airline_icao': 'pal', 'flight_number': '538', 'flight_iata': 'pr538', 'flight_icao': 'pal538'}}",,
2023-11-29,active,"{'airport': 'Ngurah Rai International', 'timezone': 'Asia/Makassar', 'iata': 'DPS', 'icao': 'WADD', 'terminal': 'I', 'gate': None, 'delay': 5, 'scheduled': '2023-11-29T01:00:00+00:00', 'estimated': '2023-11-29T01:00:00+00:00', 'actual': '2023-11-29T01:05:00+00:00', 'estimated_runway': '2023-11-29T01:05:00+00:00', 'actual_runway': '2023-11-29T01:05:00+00:00'}","{'airport': 'Ninoy Aquino International', 'timezone': 'Asia/Manila', 'iata': 'MNL', 'icao': 'RPLL', 'terminal': '1', 'gate': None, 'baggage': None, 'delay': None, 'scheduled': '2023-11-29T04:55:00+00:00', 'estimated': '2023-11-29T04:55:00+00:00', 'actual': None, 'estimated_runway': None, 'actual_runway': None}","{'name': 'Philippine Airlines', 'iata': 'PR', 'icao': 'PAL'}","{'number': '538', 'iata': 'PR538', 'icao': 'PAL538', 'codeshared': None}",,
2023-11-29,active,"{'airport': 'Seoul (Incheon)', 'timezone': 'Asia/Seoul', 'iata': 'ICN', 'icao': 'RKSI', 'terminal': '1', 'gate': '110', 'delay': 5, 'scheduled': '2023-11-29T01:10:00+00:00', 'estimated': '2023-11-29T01:10:00+00:00', 'actual': '2023-11-29T01:14:00+00:00', 'estimated_runway': '2023-11-29T01:14:00+00:00', 'actual_runway': '2023-11-29T01:14:00+00:00'}","{'airport': 'Can Tho', 'timezone': 'Asia/Ho_Chi_Minh', 'iata': 'VCA', 'icao': 'VVCT', 'terminal': 'T1', 'gate': None, 'baggage': None, 'delay': None, 'scheduled': '2023-11-29T05:00:00+00:00', 'estimated': '2023-11-29T05:00:00+00:00', 'actual': None, 'estimated_runway': None, 'actual_runway': None}","{'name': 'FlexFlight', 'iata': 'W2', 'icao': 'FXT'}","{'number': '4955', 'iata': 'W24955', 'icao': 'FXT4955', 'codeshared': {'airline_name': 'vietjet air', 'airline_iata': 'vj', 'airline_icao': 'vjc', 'flight_number': '955', 'flight_iata': 'vj955', 'flight_icao': 'vjc955'}}",,
2023-11-29,active,"{'airport': 'Seoul (Incheon)', 'timezone': 'Asia/Seoul', 'iata': 'ICN', 'icao': 'RKSI', 'terminal': '1', 'gate': '110', 'delay': 5, 'scheduled': '2023-11-29T01:10:00+00:00', 'estimated': '2023-11-29T01:10:00+00:00', 'actual': '2023-11-29T01:14:00+00:00', 'estimated_runway': '2023-11-29T01:14:00+00:00', 'actual_runway': '2023-11-29T01:14:00+00:00'}","{'airport': 'Can Tho', 'timezone': 'Asia/Ho_Chi_Minh', 'iata': 'VCA', 'icao': 'VVCT', 'terminal': 'T1', 'gate': None, 'baggage': None, 'delay': None, 'scheduled': '2023-11-29T05:00:00+00:00', 'estimated': '2023-11-29T05:00:00+00:00', 'actual': None, 'estimated_runway': None, 'actual_runway': None}","{'name': None, 'iata': 'H1', 'icao': 'H1'}","{'number': '4535', 'iata': 'H14535', 'icao': 'H14535', 'codeshared': {'airline_name': 'vietjet air', 'airline_iata': 'vj', 'airline_icao': 'vjc', 'flight_number': '955', 'flight_iata': 'vj955', 'flight_icao': 'vjc955'}}",,
2023-11-29,active,"{'airport': 'Seoul (Incheon)', 'timezone': 'Asia/Seoul', 'iata': 'ICN', 'icao': 'RKSI', 'terminal': '1', 'gate': '110', 'delay': 5, 'scheduled': '2023-11-29T01:10:00+00:00', 'estimated': '2023-11-29T01:10:00+00:00', 'actual': '2023-11-29T01:14:00+00:00', 'estimated_runway': '2023-11-29T01:14:00+00:00', 'actual_runway': '2023-11-29T01:14:00+00:00'}","{'airport': 'Can Tho', 'timezone': 'Asia/Ho_Chi_Minh', 'iata': 'VCA', 'icao': 'VVCT', 'terminal': 'T1', 'gate': None, 'baggage': None, 'delay': None, 'scheduled': '2023-11-29T05:00:00+00:00', 'estimated': '2023-11-29T05:00:00+00:00', 'actual': None, 'estimated_runway': None, 'actual_runway': None}","{'name': 'VietJet Air', 'iata': 'VJ', 'icao': 'VJC'}","{'number': '955', 'iata': 'VJ955', 'icao': 'VJC955', 'codeshared': None}",,
2023-11-29,active,"{'airport': 'Hong Kong International', 'timezone': 'Asia/Hong_Kong', 'iata': 'HKG', 'icao': 'VHHH', 'terminal': None, 'gate': None, 'delay': 26, 'scheduled': '2023-11-29T02:45:00+00:00', 'estimated': '2023-11-29T02:45:00+00:00', 'actual': '2023-11-29T03:10:00+00:00', 'estimated_runway': '2023-11-29T03:10:00+00:00', 'actual_runway': '2023-11-29T03:10:00+00:00'}","{'airport': 'Narita International Airport', 'timezone': 'Asia/Tokyo', 'iata': 'NRT', 'icao': 'RJAA', 'terminal': '2', 'gate': None, 'baggage': None, 'delay': None, 'scheduled': '2023-11-29T07:35:00+00:00', 'estimated': '2023-11-29T07:35:00+00:00', 'actual': None, 'estimated_runway': None, 'actual_runway': None}","{'name': 'NCA - Nippon Cargo Airlines', 'iata': 'KZ', 'icao': 'NCA'}","{'number': '202', 'iata': 'KZ202', 'icao': 'NCA202', 'codeshared': None}",,
2023-11-29,active,"{'airport': 'Surat', 'timezone': 'Asia/Kolkata', 'iata': 'STV', 'icao': 'VASU', 'terminal': None, 'gate': None, 'delay': None, 'scheduled': '2023-11-29T00:15:00+00:00', 'estimated': '2023-11-29T00:15:00+00:00', 'actual': '2023-11-29T00:12:00+00:00', 'estimated_runway': '2023-11-29T00:12:00+00:00', 'actual_runway': '2023-11-29T00:12:00+00:00'}","{'airport': 'Sharjah', 'timezone': 'Asia/Dubai', 'iata': 'SHJ', 'icao': 'OMSJ', 'terminal': '3', 'gate': None, 'baggage': None, 'delay': None, 'scheduled': '2023-11-29T02:10:00+00:00', 'estimated': '2023-11-29T02:10:00+00:00', 'actual': None, 'estimated_runway': None, 'actual_runway': None}","{'name': 'Air India Express', 'iata': 'IX', 'icao': 'AXB'}","{'number': '171', 'iata': 'IX171', 'icao': 'AXB171', 'codeshared': None}",,
2023-11-29,active,"{'airport': 'Tan Son Nhat International', 'timezone': 'Asia/Ho_Chi_Minh', 'iata': 'SGN', 'icao': 'VVTS', 'terminal': '2', 'gate': None, 'delay': 16, 'scheduled': '2023-11-29T00:01:00+00:00', 'estimated': '2023-11-29T00:01:00+00:00', 'actual': '2023-11-29T00:16:00+00:00', 'estimated_runway': '2023-11-29T00:16:00+00:00', 'actual_runway': '2023-11-29T00:16:00+00:00'}","{'airport': 'Kansai International', 'timezone': 'Asia/Tokyo', 'iata': 'KIX', 'icao': 'RJBB', 'terminal': '1', 'gate': '33', 'baggage': None, 'delay': None, 'scheduled': '2023-11-29T07:00:00+00:00', 'estimated': '2023-11-29T07:00:00+00:00', 'actual': None, 'estimated_runway': None, 'actual_runway': None}","{'name': 'Vietnam Airlines', 'iata': 'VN', 'icao': 'HVN'}","{'number': '320', 'iata': 'VN320', 'icao': 'HVN320', 'codeshared': None}",,
2023-11-29,active,"{'airport': 'Tan Son Nhat International', 'timezone': 'Asia/Ho_Chi_Minh', 'iata': 'SGN', 'icao': 'VVTS', 'terminal': '1', 'gate': None, 'delay': 40, 'scheduled': '2023-11-29T00:05:00+00:00', 'estimated': '2023-11-29T00:05:00+00:00', 'actual': '2023-11-29T00:44:00+00:00', 'estimated_runway': '2023-11-29T00:44:00+00:00', 'actual_runway': '2023-11-29T00:44:00+00:00'}","{'airport': 'Gimhae', 'timezone': 'Asia/Seoul', 'iata': 'PUS', 'icao': 'RKPK', 'terminal': 'I', 'gate': None, 'baggage': None, 'delay': 7, 'scheduled': '2023-11-29T07:00:00+00:00', 'estimated': '2023-11-29T07:00:00+00:00', 'actual': None, 'estimated_runway': None, 'actual_runway': None}","{'name': 'VietJet Air', 'iata': 'VJ', 'icao': 'VJC'}","{'number': '868', 'iata': 'VJ868', 'icao': 'VJC868', 'codeshared': None}","{'registration': 'VN-A673', 'iata': 'A321', 'icao': 'A321', 'icao24': '888125'}","{'updated': '2023-11-28T18:56:09+00:00', 'latitude': 17.6855, 'longitude': 110.81, 'altitude': 8839.2, 'direction': 56, 'speed_horizontal': 853.772, 'speed_vertical': 0, 'is_ground': False}"
2023-11-29,active,"{'airport': 'Singapore Changi', 'timezone': 'Asia/Singapore', 'iata': 'SIN', 'icao': 'WSSS', 'terminal': '1', 'gate': 'E26', 'delay': 24, 'scheduled': '2023-11-29T01:00:00+00:00', 'estimated': '2023-11-29T01:00:00+00:00', 'actual': '2023-11-29T01:24:00+00:00', 'estimated_runway': '2023-11-29T01:24:00+00:00', 'actual_runway': '2023-11-29T01:24:00+00:00'}","{'airport': 'Taiwan Taoyuan International (Chiang Kai Shek International)', 'timezone': 'Asia/Taipei', 'iata': 'TPE', 'icao': 'RCTP', 'terminal': '1', 'gate': 'B7', 'baggage': '1A', 'delay': None, 'scheduled': '2023-11-29T05:35:00+00:00', 'estimated': '2023-11-29T05:35:00+00:00', 'actual': None, 'estimated_runway': None, 'actual_runway': None}","{'name': 'Scoot', 'iata': 'TR', 'icao': 'TGW'}","{'number': '898', 'iata': 'TR898', 'icao': 'TGW898', 'codeshared': None}","{'registration': '9V-OJG', 'iata': 'B789', 'icao': 'B789', 'icao24': '76BD47'}","{'updated': '2023-11-28T18:15:53+00:00', 'latitude': 5.3239, 'longitude': 108.038, 'altitude': 10972.8, 'direction': 31, 'speed_horizontal': 903.776, 'speed_vertical': 0, 'is_ground': False}"
2023-11-29,active,"{'airport': 'Singapore Changi', 'timezone': 'Asia/Singapore', 'iata': 'SIN', 'icao': 'WSSS', 'terminal': '1', 'gate': 'D35', 'delay': 44, 'scheduled': '2023-11-29T01:00:00+00:00', 'estimated': '2023-11-29T01:00:00+00:00', 'actual': '2023-11-29T01:43:00+00:00', 'estimated_runway': '2023-11-29T01:43:00+00:00', 'actual_runway': '2023-11-29T01:43:00+00:00'}","{'airport': 'Ninoy Aquino International', 'timezone': 'Asia/Manila', 'iata': 'MNL', 'icao': 'RPLL', 'terminal': '3', 'gate': None, 'baggage': None, 'delay': None, 'scheduled': '2023-11-29T05:00:00+00:00', 'estimated': '2023-11-29T05:00:00+00:00', 'actual': None, 'estimated_runway': None, 'actual_runway': None}","{'name': 'Scoot', 'iata': 'TR', 'icao': 'TGW'}","{'number': '396', 'iata': 'TR396', 'icao': 'TGW396', 'codeshared': None}",,
